trajectory_id,split,index,du,dv,k,ic_seed
v2-training-0000,training,0,0.0009080734981240635,0.005507539293664843,0.0055588218185254916,20460922
v2-training-0001,training,1,0.0009907718357563778,0.004467861057609053,0.004402714860363004,20460923
v2-training-0002,training,2,0.0009748547107264871,0.005462480610649759,0.005514985186255313,20460924
v2-training-0003,training,3,0.001096439479241736,0.004484104135572445,0.005720953564975029,20460925
v2-training-0004,training,4,0.00102803378036816,0.004418504597832021,0.0054970112926435236,20460926
v2-training-0005,training,5,0.0008870777860950423,0.005747470136356666,0.004158915166788474,20460927
v2-training-0006,training,6,0.0009548713413322092,0.004902019172979055,0.005035450969891062,20460928
v2-training-0007,training,7,0.001152769195088994,0.005882677956112936,0.004540626329116067,20460929
v2-training-0008,training,8,0.001033403115367781,0.004270595248306707,0.004569092868888325,20460930
v2-training-0009,training,9,0.0008505152295207043,0.005972505453577745,0.0048099134616625605,20460931
v2-training-0010,training,10,0.0009759611072636084,0.005940018416765494,0.00516545095380588,20460932
v2-training-0011,training,11,0.001160919721580761,0.004760832253706936,0.005551019504323274,20460933
v2-training-0012,training,12,0.0009619866109361253,0.005353846322052972,0.004499730535718187,20460934
v2-training-0013,training,13,0.0010102873507293218,0.004403068526687799,0.005196756120639351,20460935
v2-training-0014,training,14,0.0009804650419718561,0.005828641683793561,0.004610697216873226,20460936
v2-training-0015,training,15,0.0010455843094886183,0.004005709333642529,0.0056456961916950535,20460937
v2-training-0016,training,16,0.0008790439859472625,0.004504854397017696,0.00422941600447036,20460938
v2-training-0017,training,17,0.0011051517510568469,0.005204573330686715,0.004529588365705537,20460939
v2-training-0018,training,18,0.0010016361133562495,0.005468034991837151,0.005187790008434261,20460940
v2-training-0019,training,19,0.00084872722237301,0.0056160986700646565,0.004050788900342815,20460941
v2-training-0020,training,20,0.0009532898140616515,0.004721564087758457,0.005688808510431452,20460942
v2-training-0021,training,21,0.0009891420747277287,0.004942486570236443,0.005994006943928553,20460943
v2-training-0022,training,22,0.0010235605717029746,0.004673175793086356,0.004859687077215276,20460944
v2-training-0023,training,23,0.0011680683580006744,0.0041833896679074134,0.005961171150720148,20460945
v2-training-0024,training,24,0.0008855105343848031,0.0048948745195285465,0.005260595082911452,20460946
v2-training-0025,training,25,0.001089118207222728,0.005559627165937161,0.004722773089836919,20460947
v2-training-0026,training,26,0.0011166972261375677,0.004609772906482873,0.00566238720072345,20460948
v2-training-0027,training,27,0.0011472209076355572,0.004360553657320817,0.005766962419099183,20460949
v2-training-0028,training,28,0.0010529423229460448,0.0057718208076835,0.005955544585817985,20460950
v2-training-0029,training,29,0.0008607917046006268,0.0047788909489088205,0.005251164133848156,20460951
v2-training-0030,training,30,0.0008863611382613326,0.005242720737245514,0.005134685008591473,20460952
v2-training-0031,training,31,0.0009093697692240502,0.004537037240569589,0.004946272237591764,20460953
v2-training-0032,training,32,0.0011134193044293982,0.005774147491123332,0.005601024309975514,20460954
v2-training-0033,training,33,0.001110058295978718,0.004040893493782772,0.004271668345562232,20460955
v2-training-0034,training,34,0.0009077867896756628,0.005392969462706075,0.004893238084640408,20460956
v2-training-0035,training,35,0.0008715560864806629,0.0043058571517642225,0.005075034311562132,20460957
v2-training-0036,training,36,0.0010665537694893568,0.005604241792061058,0.005584490187933874,20460958
v2-training-0037,training,37,0.0008951705088358974,0.0040748153737135,0.004661198488264505,20460959
v2-training-0038,training,38,0.0011305847059275755,0.005695288222419841,0.005362899209809146,20460960
v2-training-0039,training,39,0.0010285753993150078,0.005320902146468548,0.005692023062390682,20460961
v2-training-0040,training,40,0.0009050035483764244,0.005988528071913006,0.0054468307605020656,20460962
v2-training-0041,training,41,0.0008972228369005858,0.005338180757556929,0.004283380452045416,20460963
v2-training-0042,training,42,0.0009335817721099225,0.005787292609938887,0.004260888451973277,20460964
v2-training-0043,training,43,0.0008452738012490724,0.004908663875661163,0.004937446899614671,20460965
v2-training-0044,training,44,0.0010043883296531047,0.004370954728222072,0.004431850711232136,20460966
v2-training-0045,training,45,0.0011564144626312963,0.0055109310520817115,0.005232776852808512,20460967
v2-training-0046,training,46,0.0011289991656376534,0.005513523365094256,0.004142371010338837,20460968
v2-training-0047,training,47,0.0008989806916486102,0.005445696704227825,0.004245841385149934,20460969
v2-training-0048,training,48,0.0011499194818930512,0.0050316414074495,0.004233139125330089,20460970
v2-training-0049,training,49,0.0011776141786738427,0.004008115269614625,0.005831445020498312,20460971
v2-training-0050,training,50,0.0008429238947721587,0.004868701438893093,0.004376713364070684,20460972
v2-training-0051,training,51,0.0010957513053062445,0.004938001852357855,0.004257607090945876,20460973
v2-training-0052,training,52,0.0011115112033447804,0.005923963575495597,0.005183872332825719,20460974
v2-training-0053,training,53,0.0008092529947087027,0.004109686454380047,0.005563281169749735,20460975
v2-training-0054,training,54,0.0009821281663056154,0.005270937837543696,0.004063111254609778,20460976
v2-training-0055,training,55,0.0008417218157997337,0.004867130827750044,0.004729610375028565,20460977
v2-training-0056,training,56,0.0009675473202598926,0.004218649899580157,0.004910056719927312,20460978
v2-training-0057,training,57,0.0010717378201056224,0.005837548379062901,0.004469393844855854,20460979
v2-training-0058,training,58,0.0011025709298251264,0.005789071777608992,0.005671194042211159,20460980
v2-training-0059,training,59,0.0011589457286921203,0.005983184060324645,0.004928836366219345,20460981
v2-training-0060,training,60,0.001118801742506208,0.0040913769715915016,0.005862575369265199,20460982
v2-training-0061,training,61,0.001187639405409577,0.005627381341572822,0.004921447478371457,20460983
v2-training-0062,training,62,0.0008963362564090898,0.005518531474507329,0.004320452725168254,20460984
v2-training-0063,training,63,0.0008813128714428362,0.0045259807069161564,0.0043445789187691415,20460985
v2-training-0064,training,64,0.0011967342230819631,0.004259097327056145,0.005120719335039225,20460986
v2-training-0065,training,65,0.0008888925546369532,0.004596001340123876,0.005059832250659569,20460987
v2-training-0066,training,66,0.0008020329773433988,0.005003295477724719,0.004114781395929591,20460988
v2-training-0067,training,67,0.00084014230091407,0.004100897396079922,0.004788137152829926,20460989
v2-training-0068,training,68,0.0008916946510356217,0.005365962627234367,0.005821352284032731,20460990
v2-training-0069,training,69,0.0009133516381742095,0.00449810474098894,0.004636901660083924,20460991
v2-training-0070,training,70,0.0010252444476242463,0.005412780796669131,0.005484883769894636,20460992
v2-training-0071,training,71,0.0010115675249715553,0.004294403351625045,0.004733354736569294,20460993
v2-training-0072,training,72,0.0011576710696448997,0.005677438647097305,0.005143400115983377,20460994
v2-training-0073,training,73,0.001102313871335289,0.004495545894922448,0.005194045771557642,20460995
v2-training-0074,training,74,0.0009256872910361144,0.005527110933756969,0.004080548598899749,20460996
v2-training-0075,training,75,0.0010397091957949677,0.004962649107729714,0.005121487097898041,20460997
v2-training-0076,training,76,0.0009995738465530919,0.005287970332218188,0.004864677212352701,20460998
v2-training-0077,training,77,0.0009456860828961616,0.00532948024628516,0.0056807982001777875,20460999
v2-training-0078,training,78,0.0010593751498118981,0.0046436178104626935,0.004475034770504197,20461000
v2-training-0079,training,79,0.0008662282475907974,0.004785693973802805,0.0054358508507842485,20461001
v2-training-0080,training,80,0.0009272479408888311,0.004064318310763786,0.004280359565307433,20461002
v2-training-0081,training,81,0.0008807256434495118,0.004411762060045689,0.004172804047473633,20461003
v2-training-0082,training,82,0.0009817281374350558,0.005538227285489051,0.004581478125323219,20461004
v2-training-0083,training,83,0.0011162445223676257,0.004752785727530267,0.005303431044515544,20461005
v2-training-0084,training,84,0.0010452897492450115,0.004634523079169584,0.005479754788687367,20461006
v2-training-0085,training,85,0.0009265472622200763,0.004573396863336457,0.005593283506540627,20461007
v2-training-0086,training,86,0.0009349094983213841,0.0056864355306774595,0.005529435391791104,20461008
v2-training-0087,training,87,0.0008083237937307561,0.00570921400967045,0.004616847155191764,20461009
v2-training-0088,training,88,0.001179325785810872,0.005910644439913036,0.005050216615508322,20461010
v2-training-0089,training,89,0.0009019183596587206,0.005294369933268136,0.004023975336048695,20461011
v2-training-0090,training,90,0.0011466865533297354,0.0056555011424476295,0.004411547207252193,20461012
v2-training-0091,training,91,0.0010424871201464318,0.004657659212150057,0.0047201151883498795,20461013
v2-training-0092,training,92,0.001043294369106083,0.005811927833103187,0.005888927057532085,20461014
v2-training-0093,training,93,0.0010100485690730488,0.005726697410392549,0.004869204372740284,20461015
v2-training-0094,training,94,0.0009987454704986091,0.004773911826118705,0.005789071841908414,20461016
v2-training-0095,training,95,0.000837547350552155,0.005458601871095189,0.004291249998283561,20461017
v2-training-0096,training,96,0.0008455407321159541,0.005010110999590592,0.004545981314081877,20461018
v2-training-0097,training,97,0.0011845085409569428,0.004490967887211856,0.005730608037195504,20461019
v2-training-0098,training,98,0.0008562605345544057,0.0043789431268013565,0.004385640165428343,20461020
v2-training-0099,training,99,0.0008275713656772093,0.00514332552224381,0.0059797968116994185,20461021
v2-training-0100,training,100,0.0011988416943597656,0.004764792410931768,0.005226355805429503,20461022
v2-training-0101,training,101,0.001012676560240752,0.005860365789750844,0.005737530811650203,20461023
v2-training-0102,training,102,0.0009587184846600499,0.005931222450159265,0.0057945768762748305,20461024
v2-training-0103,training,103,0.0011375569315266836,0.004743219824971932,0.005546985406809462,20461025
v2-training-0104,training,104,0.0011739342536535708,0.00566132228232767,0.004851788787513252,20461026
v2-training-0105,training,105,0.0011944361613636088,0.005612042968424242,0.004836779095620464,20461027
v2-training-0106,training,106,0.0011090577932667467,0.005251181979399296,0.0058916459226404,20461028
v2-training-0107,training,107,0.0010768955047728021,0.004173343889165054,0.005614936213660857,20461029
v2-training-0108,training,108,0.0010368621814797426,0.0043404196709215335,0.004274231510479543,20461030
v2-training-0109,training,109,0.001007040310674868,0.005761426955835007,0.004129066175887262,20461031
v2-training-0110,training,110,0.0011312772666548035,0.005642732151597094,0.004304057827850507,20461032
v2-training-0111,training,111,0.001094093499504365,0.005762778257046088,0.004190420367412772,20461033
v2-training-0112,training,112,0.0009610920650853958,0.005904408136070113,0.004352412723432999,20461034
v2-training-0113,training,113,0.0009936076962508615,0.00572631446979838,0.005676526304318561,20461035
v2-training-0114,training,114,0.0008432111960308696,0.004427428793093828,0.004329986813582767,20461036
v2-training-0115,training,115,0.0011724908630342474,0.005267622452283508,0.004535123800133368,20461037
v2-training-0116,training,116,0.0010174920762788498,0.005596439088130619,0.0053665846108475815,20461038
v2-training-0117,training,117,0.0010778104168232818,0.00513342039152874,0.005095126182002871,20461039
v2-training-0118,training,118,0.0010621150730434582,0.005896962714089198,0.005873917258863275,20461040
v2-training-0119,training,119,0.0009542916270829109,0.005105424516194841,0.0044435997309721165,20461041
v2-training-0120,training,120,0.0010875902548983822,0.005437464213138248,0.004514641754212888,20461042
v2-training-0121,training,121,0.0010981660055705104,0.005050879326953669,0.005659397148178975,20461043
v2-training-0122,training,122,0.0009726663858855866,0.005472362529456281,0.005969829781637422,20461044
v2-training-0123,training,123,0.0008330444355328981,0.005901149667554026,0.004151889357787433,20461045
v2-training-0124,training,124,0.001107192208801552,0.004580952946862977,0.005219844556654583,20461046
v2-training-0125,training,125,0.0009627996744172794,0.005385591657723514,0.005996134046800857,20461047
v2-training-0126,training,126,0.0010489120932542378,0.005795068047712114,0.00425200909539675,20461048
v2-training-0127,training,127,0.0009652116158362124,0.0047111132032439645,0.005332734884419316,20461049
v2-training-0128,training,128,0.0011129955771737384,0.00507334457677266,0.004999203910831927,20461050
v2-training-0129,training,129,0.0010346423860914335,0.005382161243662973,0.004347962065267751,20461051
v2-training-0130,training,130,0.0008586592072372458,0.005719724416923611,0.005319301414930561,20461052
v2-training-0131,training,131,0.0011147564632887075,0.005942370879557395,0.004994990102441438,20461053
v2-training-0132,training,132,0.0010702540637302132,0.005952753380793449,0.005760122029627527,20461054
v2-training-0133,training,133,0.0010380323364078195,0.005163529692117233,0.005067134045320906,20461055
v2-training-0134,training,134,0.0009637329130089394,0.005292457429270901,0.005881486564582971,20461056
v2-training-0135,training,135,0.000947790507889583,0.0041948864333502985,0.004054830611653754,20461057
v2-training-0136,training,136,0.0009177669265390671,0.00426367712893717,0.004776851970688121,20461058
v2-training-0137,training,137,0.0010557188046874208,0.004669289345905794,0.004766857767842731,20461059
v2-training-0138,training,138,0.0008367762353943844,0.004910271115140233,0.004447509711018261,20461060
v2-training-0139,training,139,0.0009852489047168856,0.005928910414265331,0.004791163410149774,20461061
v2-training-0140,training,140,0.0011013044271675112,0.0044539011653129176,0.004589454191846841,20461062
v2-training-0141,training,141,0.0010588055228535876,0.005177116886013713,0.004318320762034479,20461063
v2-training-0142,training,142,0.0008128998677622056,0.004616463811671624,0.0043695609510887206,20461064
v2-training-0143,training,143,0.0008097664765488527,0.004313631513261211,0.005846420071566523,20461065
v2-training-0144,training,144,0.0011744015645886363,0.005807816645943967,0.005211663357077809,20461066
v2-training-0145,training,145,0.0010165507170308888,0.0053432827247650045,0.004218004507626022,20461067
v2-training-0146,training,146,0.0010513490012289933,0.005260882448256812,0.005043300035277092,20461068
v2-training-0147,training,147,0.0011452267422637952,0.004690933084387139,0.004694093648159254,20461069
v2-training-0148,training,148,0.0009601614100628658,0.004435468720583689,0.005832698487037075,20461070
v2-training-0149,training,149,0.0010706386702651698,0.004394327066371114,0.005739875611095516,20461071
v2-training-0150,training,150,0.0011757416948286483,0.005888448655644483,0.005309006874985609,20461072
v2-training-0151,training,151,0.0009343651691992916,0.00498764536625346,0.004594044342878027,20461073
v2-training-0152,training,152,0.0011393356150246718,0.005822468134891983,0.004117869352513676,20461074
v2-training-0153,training,153,0.0010815818726635715,0.004547644794430579,0.004045703135925547,20461075
v2-training-0154,training,154,0.0010088345661688955,0.005532913258023753,0.0056552934118991975,20461076
v2-training-0155,training,155,0.0008892551449957388,0.004228493619182546,0.00484663029318868,20461077
v2-training-0156,training,156,0.0009232051740669352,0.004522566142648009,0.005457631228338689,20461078
v2-training-0157,training,157,0.001182294788318106,0.005437991413878173,0.005853772313103397,20461079
v2-training-0158,training,158,0.0010356602164045636,0.0047696032709059755,0.005083268192747263,20461080
v2-training-0159,training,159,0.0009872271174681936,0.005256608766996591,0.00516210473025706,20461081
v2-training-0160,training,160,0.0009323886224898702,0.00474610122850724,0.005532215592463105,20461082
v2-training-0161,training,161,0.0011515771705651278,0.004609368693755915,0.004954223671484897,20461083
v2-training-0162,training,162,0.0008823968823164579,0.004280205702118485,0.0048420516592511,20461084
v2-training-0163,training,163,0.0009383757304301908,0.004558851022591879,0.00440049540171085,20461085
v2-training-0164,training,164,0.0010902000449746166,0.004383103056300998,0.005526964708976267,20461086
v2-training-0165,training,165,0.0008221256777887608,0.004221758719526326,0.005390436898177693,20461087
v2-training-0166,training,166,0.0009647978232302447,0.005168984092511853,0.004757553206253472,20461088
v2-training-0167,training,167,0.0010123517575015355,0.0043214394588708465,0.004697975063367658,20461089
v2-training-0168,training,168,0.0009722557544475595,0.005499717808037681,0.005631258027238592,20461090
v2-training-0169,training,169,0.0010201832975072621,0.005586836724561876,0.005573050379613983,20461091
v2-training-0170,training,170,0.0010949258998250741,0.005966781468698601,0.004883923555304703,20461092
v2-training-0171,training,171,0.0011539211670727428,0.004439559644699567,0.005651740518712865,20461093
v2-training-0172,training,172,0.0010185088368933105,0.005856891867827902,0.004888210149595883,20461094
v2-training-0173,training,173,0.0008071433281475422,0.005358172425702884,0.004735304312481519,20461095
v2-training-0174,training,174,0.0010162756861107482,0.005798385852917985,0.004772943120493019,20461096
v2-training-0175,training,175,0.0010822333987149232,0.00418536924259993,0.005314840035694732,20461097
v2-training-0176,training,176,0.0009560963256495199,0.00596338666395952,0.004161190476951733,20461098
v2-training-0177,training,177,0.0009464679023873337,0.005648409741432332,0.004495880712259457,20461099
v2-training-0178,training,178,0.0010519519707058844,0.004252758749764802,0.005933515195013214,20461100
v2-training-0179,training,179,0.0009127117581891243,0.005098481578585026,0.005172568827994153,20461101
v2-training-0180,training,180,0.0009070229352828507,0.005754001263102634,0.005420203775327076,20461102
v2-training-0181,training,181,0.0010635177600626833,0.00516634947049935,0.005936002026156298,20461103
v2-training-0182,training,182,0.0011342400284646312,0.005607366833117282,0.005105245125465152,20461104
v2-training-0183,training,183,0.0011613996471221107,0.004001988407775798,0.004304739700158363,20461105
v2-training-0184,training,184,0.0011353378479768712,0.00413747410558887,0.005423828057548222,20461106
v2-training-0185,training,185,0.0008124665231231046,0.005112373422513897,0.005665511750770723,20461107
v2-training-0186,training,186,0.0011538021086942541,0.005139673972743904,0.004741344976732955,20461108
v2-training-0187,training,187,0.0008899317970506439,0.005547791333594003,0.004328048677671862,20461109
v2-training-0188,training,188,0.000876754243382509,0.0054939434930303555,0.004164286085316561,20461110
v2-training-0189,training,189,0.0010015569379149731,0.004142862144535747,0.005515713948410271,20461111
v2-training-0190,training,190,0.001029568555197297,0.0042816292947679465,0.005623724283478352,20461112
v2-training-0191,training,191,0.0009888785377523102,0.0053724032277306846,0.004264755389724448,20461113
v2-training-0192,training,192,0.000825473419384425,0.0051554779807873995,0.004061772653571863,20461114
v2-training-0193,training,193,0.0009107379699685636,0.004698639043493064,0.00409494696515631,20461115
v2-training-0194,training,194,0.0008413975409860433,0.005488568011528895,0.005002078533600337,20461116
v2-training-0195,training,195,0.0010690020593979986,0.004648275578693285,0.004098296437365835,20461117
v2-training-0196,training,196,0.0010629196256383804,0.0059069041529532865,0.004826115745773489,20461118
v2-training-0197,training,197,0.0009519069040420738,0.0050671656530762495,0.005100871332133144,20461119
v2-training-0198,training,198,0.0008541654846822052,0.004476886572107094,0.004110928427804522,20461120
v2-training-0199,training,199,0.001031510699210118,0.00560045775986197,0.005156870961340933,20461121
v2-training-0200,training,200,0.0008958381356207161,0.004425375682668272,0.005777866991503642,20461122
v2-training-0201,training,201,0.0008227535195353543,0.0047557496779673985,0.004224634061945271,20461123
v2-training-0202,training,202,0.000984560680061332,0.005262141492188685,0.005674249112602956,20461124
v2-training-0203,training,203,0.0010548612900069753,0.005455795235425102,0.004557511284796308,20461125
v2-training-0204,training,204,0.0011630784202024437,0.004389508710978447,0.0051319784476107026,20461126
v2-training-0205,training,205,0.0009393668155400265,0.0041315730745114165,0.004562569718104927,20461127
v2-training-0206,training,206,0.0011105794681150717,0.004086192055759591,0.005055535194832764,20461128
v2-training-0207,training,207,0.0011344205656853672,0.00402514517738662,0.004338176901742603,20461129
v2-training-0208,training,208,0.0009447146234262494,0.004628126723125302,0.00489977296469008,20461130
v2-training-0209,training,209,0.0010362516694772243,0.005127771554738448,0.005975718141408501,20461131
v2-training-0210,training,210,0.0011477699512291197,0.005986524502194394,0.0057450867211246235,20461132
v2-training-0211,training,211,0.0010083330145164422,0.004246681574403766,0.004358196323941649,20461133
v2-training-0212,training,212,0.0010494421874863188,0.005652162119595656,0.005178353399598086,20461134
v2-training-0213,training,213,0.000987882010691751,0.004200747171380504,0.005508010126224503,20461135
v2-training-0214,training,214,0.0011439502671692914,0.004309690834315807,0.005604065585203514,20461136
v2-training-0215,training,215,0.000966822719690209,0.004630478907910872,0.004022878427629305,20461137
v2-training-0216,training,216,0.0009859811616728478,0.004197555767442461,0.004551995641734407,20461138
v2-training-0217,training,217,0.0011512365431333028,0.004972330910903804,0.004930875675699106,20461139
v2-training-0218,training,218,0.001000200555722731,0.005420740679364703,0.004525253424240086,20461140
v2-training-0219,training,219,0.000873510957540067,0.0040731691156822075,0.005638417586939944,20461141
v2-training-0220,training,220,0.0008978058429921331,0.005732999436073513,0.004806920029315752,20461142
v2-training-0221,training,221,0.0010150571343323675,0.0045896378952446065,0.005803365615984511,20461143
v2-training-0222,training,222,0.0010755509194022193,0.004233276062469136,0.005156221799437086,20461144
v2-training-0223,training,223,0.0009155607649584066,0.00509688087765754,0.005453248826267671,20461145
v2-training-0224,training,224,0.001040258016784205,0.00534918557834125,0.005274519091966282,20461146
v2-training-0225,training,225,0.0009285924497842464,0.005208691906814717,0.004360651167333459,20461147
v2-training-0226,training,226,0.0008106226629567707,0.0040526674251570105,0.004910732522028625,20461148
v2-training-0227,training,227,0.0008026206652146806,0.004804938264705289,0.0056272060764918225,20461149
v2-training-0228,training,228,0.0009580893502841533,0.005634629942178938,0.00421440611351608,20461150
v2-training-0229,training,229,0.0011154898170613599,0.004966729576526498,0.0052685544229355615,20461151
v2-training-0230,training,230,0.000997280936035216,0.0052132782706353804,0.004148138854649358,20461152
v2-training-0231,training,231,0.0009530342334019876,0.005659280931219058,0.0049602207793624994,20461153
v2-training-0232,training,232,0.000857472758407714,0.0046940274063874896,0.004942090721931042,20461154
v2-training-0233,training,233,0.001167820077923364,0.005074699268017966,0.004654736670240804,20461155
v2-training-0234,training,234,0.0010890082775501186,0.005847868733861796,0.0054834517377960945,20461156
v2-training-0235,training,235,0.0008346895246854868,0.005084651198979806,0.00542660412183229,20461157
v2-training-0236,training,236,0.0010212376874987662,0.005618137993130343,0.004876693576622761,20461158
v2-training-0237,training,237,0.0008642039079245309,0.004977065724008466,0.0049625543133321156,20461159
v2-training-0238,training,238,0.0011233433507806829,0.004653620738918042,0.00589872631609487,20461160
v2-training-0239,training,239,0.0010068218907214564,0.004815379396973554,0.00417969604449897,20461161
v2-training-0240,training,240,0.0008153723995203286,0.0054019123855948495,0.005241690961372562,20461162
v2-training-0241,training,241,0.0008692964764707253,0.005956964892821997,0.00417061768189346,20461163
v2-training-0242,training,242,0.0009184291974321794,0.004648595364516844,0.0058416321934373116,20461164
v2-training-0243,training,243,0.001097342335194045,0.0051814455465681464,0.004702366009876367,20461165
v2-training-0244,training,244,0.0009361954111916219,0.0056747391501163775,0.005949667320318425,20461166
v2-training-0245,training,245,0.0010934354241958016,0.005122039819772811,0.005503928160134838,20461167
v2-training-0246,training,246,0.000978479217765415,0.004134149252651859,0.004455741940302425,20461168
v2-training-0247,training,247,0.0009025839821042347,0.005546009732560842,0.005886191989351752,20461169
v2-training-0248,training,248,0.0009496345704915462,0.004811061763131964,0.004559919164662036,20461170
v2-training-0249,training,249,0.0009425028742429706,0.0049559435668143645,0.004634461012213169,20461171
v2-training-0250,training,250,0.0011236873133316622,0.005825713170186431,0.004487805353581547,20461172
v2-training-0251,training,251,0.0008596526236561557,0.005429233330446504,0.004049606403926853,20461173
v2-training-0252,training,252,0.00094326272826469,0.004291221181029439,0.004812929288669761,20461174
v2-training-0253,training,253,0.001170377636408707,0.005583314452869476,0.005929524550897375,20461175
v2-training-0254,training,254,0.0009235393256026878,0.005973879917676771,0.005391727974928196,20461176
v2-training-0255,training,255,0.0010848066791388407,0.005021044554487016,0.004018788775941833,20461177
v2-training-0256,training,256,0.0011224194277599212,0.004082397227856732,0.004422444232495249,20461178
v2-training-0257,training,257,0.0008354922593334218,0.005235752992371349,0.00410288808042938,20461179
v2-training-0258,training,258,0.0008830162088628298,0.005803636951374385,0.005109234427235479,20461180
v2-training-0259,training,259,0.0009208942812681935,0.0048471180309269755,0.00418457905349023,20461181
v2-training-0260,training,260,0.001111723542844148,0.004567708030640893,0.005687020507090091,20461182
v2-training-0261,training,261,0.0008637986091594068,0.00559147323519937,0.004604147800499534,20461183
v2-training-0262,training,262,0.0008621539081598528,0.004855501109261561,0.005814682977259057,20461184
v2-training-0263,training,263,0.0011800382229984765,0.0054066899464638345,0.004763825072091521,20461185
v2-training-0264,training,264,0.0011176678265060584,0.004335065776307866,0.004647257337195619,20461186
v2-training-0265,training,265,0.0011389082521907974,0.005405851681716503,0.004003948024218821,20461187
v2-training-0266,training,266,0.0008205815128899541,0.004738064674581544,0.005073029408168015,20461188
v2-training-0267,training,267,0.0009414677433652887,0.005276050021659364,0.004135778445157319,20461189
v2-training-0268,training,268,0.000820293407517633,0.0050651420233793504,0.004618027282721149,20461190
v2-training-0269,training,269,0.0010745194593841864,0.00519728778730057,0.005372052420194216,20461191
v2-training-0270,training,270,0.001026374364981792,0.004032398129948794,0.005811445459132458,20461192
v2-training-0271,training,271,0.0009567069258938857,0.00531389965663873,0.00448067787070398,20461193
v2-training-0272,training,272,0.0010641890575861027,0.005488208980268162,0.00577375520876958,20461194
v2-training-0273,training,273,0.0008285216331831886,0.005451213946332201,0.00520530461599566,20461195
v2-training-0274,training,274,0.0008299391606525618,0.005670394842310446,0.005904129171699765,20461196
v2-training-0275,training,275,0.0008033938574076872,0.0056386933943195355,0.00561203420369492,20461197
v2-training-0276,training,276,0.0010906684866307196,0.004740531310657426,0.005019683580384742,20461198
v2-training-0277,training,277,0.0008239108290536437,0.004597922065587659,0.005593752531618551,20461199
v2-training-0278,training,278,0.0010860608042221251,0.004703744897493848,0.004406796079142629,20461200
v2-training-0279,training,279,0.0008804451634134589,0.004715455239985335,0.004390276866156753,20461201
v2-training-0280,training,280,0.000983379830811303,0.005129135910952343,0.005713108583894685,20461202
v2-training-0281,training,281,0.0008006369988760411,0.005172270034720259,0.005113361781414555,20461203
v2-training-0282,training,282,0.0011785705876198767,0.005156861978947326,0.004177049217933684,20461204
v2-training-0283,training,283,0.0011301263870380218,0.004935675774962544,0.004415630009946371,20461205
v2-training-0284,training,284,0.0010225923152115777,0.004400026412754233,0.005235277987976138,20461206
v2-training-0285,training,285,0.0008779192476746409,0.004096974014100907,0.00468809436198101,20461207
v2-training-0286,training,286,0.0011729288519765865,0.004542328895581613,0.005307775602910373,20461208
v2-training-0287,training,287,0.0011460111809867243,0.005226799836790898,0.004598901636851976,20461209
v2-training-0288,training,288,0.0011996966544100829,0.004639931570370654,0.005783893137634558,20461210
v2-training-0289,training,289,0.0009595835481093721,0.005308402102497755,0.004236116950700092,20461211
v2-training-0290,training,290,0.0009916808152527854,0.004443670095142897,0.004297527077799864,20461212
v2-training-0291,training,291,0.0008526896156994848,0.005347043037616288,0.005282581695821371,20461213
v2-training-0292,training,292,0.0008391454643589981,0.005679778142989586,0.005210464490745416,20461214
v2-training-0293,training,293,0.0009101446949932779,0.004837697461154129,0.004784309994327204,20461215
v2-training-0294,training,294,0.0010303869860065996,0.00428875557981232,0.005344151138167472,20461216
v2-training-0295,training,295,0.0009507244438145147,0.0047326764307029905,0.004121930949888192,20461217
v2-training-0296,training,296,0.0008932780430756304,0.004702865568396838,0.004715629990610324,20461218
v2-training-0297,training,297,0.0010674807178277285,0.00578316733626286,0.00580590451134389,20461219
v2-training-0298,training,298,0.001061377397155462,0.0040581617884336025,0.005913227983806238,20461220
v2-training-0299,training,299,0.0009927492256858797,0.004203162838779208,0.005182591846531723,20461221
v2-training-0300,training,300,0.0011364383727701173,0.005036774201202868,0.004203616019057151,20461222
v2-training-0301,training,301,0.0010852788700586933,0.0051842844969516725,0.004668624587184058,20461223
v2-training-0302,training,302,0.0009110015102594017,0.004266549536670517,0.005462561898107005,20461224
v2-training-0303,training,303,0.0010835178409605891,0.005039483520456857,0.0049867025461759465,20461225
v2-training-0304,training,304,0.00083634213143903,0.005414359179519046,0.005277776611384267,20461226
v2-training-0305,training,305,0.0010720819680328322,0.00467857684287652,0.005606645834446737,20461227
v2-training-0306,training,306,0.0011434721550758315,0.004854439160639181,0.004982419963183206,20461228
v2-training-0307,training,307,0.0009161659128399883,0.004223582415952352,0.005576120428021726,20461229
v2-training-0308,training,308,0.0010811226531550302,0.005107921731686705,0.004073490032548524,20461230
v2-training-0309,training,309,0.0011033127406993785,0.004406940929608591,0.005290459269962765,20461231
v2-training-0310,training,310,0.0010916554302190227,0.00574169821088841,0.005386543379171431,20461232
v2-training-0311,training,311,0.0009168538609067885,0.004462532905302496,0.004312425092581384,20461233
v2-training-0312,training,312,0.000830966662032495,0.004178785357887994,0.005716712612745353,20461234
v2-training-0313,training,313,0.0010574239657525192,0.005475512736444202,0.004200567855815079,20461235
v2-training-0314,training,314,0.000979281013224643,0.005024110952331677,0.00481950716715089,20461236
v2-training-0315,training,315,0.001106360715223591,0.005477224662087251,0.005981597715091378,20461237
v2-training-0316,training,316,0.001171224052862793,0.0048508227663083625,0.004609345063397555,20461238
v2-training-0317,training,317,0.001148538416432459,0.004989763924275095,0.004293771386126946,20461239
v2-training-0318,training,318,0.000944463321684849,0.004622904968518924,0.005370621992638315,20461240
v2-training-0319,training,319,0.0011181339965998136,0.0056218586662502585,0.005401955780505372,20461241
v2-training-0320,training,320,0.0009118553793208697,0.004767749668084045,0.0054161681591420804,20461242
v2-training-0321,training,321,0.0011859980478246238,0.005325397869247709,0.005939379373420376,20461243
v2-training-0322,training,322,0.0010386068477452387,0.004017954686222714,0.005909308196570239,20461244
v2-training-0323,training,323,0.0009699322567710977,0.004022971212952299,0.005465827563374065,20461245
v2-training-0324,training,324,0.0009980407370444805,0.004127826236733334,0.00484794848276704,20461246
v2-training-0325,training,325,0.0011912079665863508,0.004823874337582084,0.005293280282187083,20461247
v2-training-0326,training,326,0.000888250276480134,0.004707669765118875,0.004479379237099592,20461248
v2-training-0327,training,327,0.0010478065590794694,0.005394740528674078,0.005347788864736155,20461249
v2-training-0328,training,328,0.0008761214089527494,0.00433855096881533,0.00497155464261959,20461250
v2-training-0329,training,329,0.0009689499393047105,0.004103159521640275,0.005569732751429816,20461251
v2-training-0330,training,330,0.0008215949415828986,0.004159766172108687,0.004449240871822829,20461252
v2-training-0331,training,331,0.0011840477352036338,0.004060898027574626,0.005216500559859212,20461253
v2-training-0332,training,332,0.0009959966933067756,0.004364307337082467,0.004007914886006584,20461254
v2-training-0333,training,333,0.0008162091504485886,0.0052176580042379616,0.005617858501492465,20461255
v2-training-0334,training,334,0.0008683022237072685,0.004817525770137937,0.004976755014391717,20461256
v2-training-0335,training,335,0.000930160375795834,0.005030165387754039,0.005297062705905089,20461257
v2-training-0336,training,336,0.0008909358573714124,0.005960049784711548,0.00526233736793973,20461258
v2-training-0337,training,337,0.0009006715840695061,0.0043748968292375906,0.005229878308699694,20461259
v2-training-0338,training,338,0.0011694002050889954,0.004951660343212685,0.004459287111551172,20461260
v2-training-0339,training,339,0.0008139102123842642,0.005717461067092814,0.0040021705021657545,20461261
v2-training-0340,training,340,0.001068013559905196,0.004148749462904771,0.00464353558291468,20461262
v2-training-0341,training,341,0.0011254970257603117,0.0046185950657815404,0.005555302994349134,20461263
v2-training-0342,training,342,0.001105540575340095,0.005873458864954111,0.0052469149708837875,20461264
v2-training-0343,training,343,0.0008386303368918469,0.004502123635342608,0.004623958304895813,20461265
v2-training-0344,training,344,0.0010801338812913206,0.005014392411521873,0.005542047743694699,20461266
v2-training-0345,training,345,0.000980576733430522,0.004190623074238376,0.004759126061450939,20461267
v2-training-0346,training,346,0.0011043878929440768,0.004726226216191504,0.005355660524801834,20461268
v2-training-0347,training,347,0.000940525561859964,0.005332749233855293,0.0053234618659116426,20461269
v2-training-0348,training,348,0.0008111327034101924,0.005853692997337352,0.00570433947469719,20461270
v2-training-0349,training,349,0.0009372925661769727,0.005222686387193005,0.004426023587465183,20461271
v2-training-0350,training,350,0.0008188310314445544,0.004973428566233286,0.004823045075027142,20461272
v2-training-0351,training,351,0.001139942043007032,0.005845334977819257,0.005771427646199682,20461273
v2-training-0352,training,352,0.0010540652247786248,0.00446973228781612,0.005948682732063066,20461274
v2-training-0353,training,353,0.0010504116114521541,0.004164433649650497,0.004028138471604415,20461275
v2-training-0354,training,354,0.0011916137213914615,0.004791586226743364,0.004951208104816416,20461276
v2-training-0355,training,355,0.000921946554289242,0.004485483161833137,0.004467969997697363,20461277
v2-training-0356,training,356,0.0010606819962834914,0.005581891624952168,0.004968648257278152,20461278
v2-training-0357,training,357,0.000824888502849399,0.005149577136542019,0.004334436420795057,20461279
v2-training-0358,training,358,0.0009291007890845629,0.005193502244615498,0.004667248063723664,20461280
v2-training-0359,training,359,0.0009577123090411753,0.004354554501031099,0.005088069689139279,20461281
v2-training-0360,training,360,0.0009735857558178481,0.004511621214126726,0.00424897665684204,20461282
v2-training-0361,training,361,0.0011599523647982508,0.004168564966967612,0.005707158221086839,20461283
v2-training-0362,training,362,0.0008781471170082262,0.005689858045497235,0.005137222706618376,20461284
v2-training-0363,training,363,0.0009681297026816822,0.005147798208256001,0.004575701219878511,20461285
v2-training-0364,training,364,0.0011199397500512012,0.004533491004483721,0.005472123835628786,20461286
v2-training-0365,training,365,0.0008324902207840259,0.00468123248826843,0.005439307912453897,20461287
v2-training-0366,training,366,0.000847248193856073,0.00435708256326337,0.00540337423020607,20461288
v2-training-0367,training,367,0.0008266029882592694,0.004446082534541627,0.004219470932346946,20461289
v2-training-0368,training,368,0.0009710837340061393,0.00552798275391019,0.004033722597781213,20461290
v2-training-0369,training,369,0.0009940102571492089,0.004257494486157848,0.004489686235606441,20461291
v2-training-0370,training,370,0.0008667494069479245,0.0041235346956017506,0.005754083198337473,20461292
v2-training-0371,training,371,0.0009058413158309071,0.005054752159799251,0.005501613201498947,20461293
v2-training-0372,training,372,0.0011664102155423558,0.004328942656657967,0.0054955030612669035,20461294
v2-training-0373,training,373,0.0008929532149681659,0.0048035573628179475,0.00450510806096386,20461295
v2-training-0374,training,374,0.0008556220466190603,0.0043956798703851255,0.0054897458367625445,20461296
v2-training-0375,training,375,0.0008747737357955698,0.0055558767016907675,0.005200615032136314,20461297
v2-training-0376,training,376,0.0010137081500426234,0.0054824739298691355,0.004372910192934716,20461298
v2-training-0377,training,377,0.0010469288479491895,0.004078688612462245,0.004686083938781102,20461299
v2-training-0378,training,378,0.0008290735319785892,0.0057518985912715665,0.004832825775139152,20461300
v2-training-0379,training,379,0.0009945378177907663,0.004545108523299721,0.004746601416226033,20461301
v2-training-0380,training,380,0.0011937493492282837,0.005819741782254381,0.005014282644806845,20461302
v2-training-0381,training,381,0.0010742084680456223,0.004414820049256399,0.005473526682047052,20461303
v2-training-0382,training,382,0.0010057568094813004,0.004303169559279638,0.005922285700768238,20461304
v2-training-0383,training,383,0.0009406810927557498,0.004347833905475662,0.005799828799586066,20461305
v2-training-0384,training,384,0.0010790351551999114,0.005231164674672095,0.005750732135269745,20461306
v2-training-0385,training,385,0.0011766546170442643,0.004156198707880555,0.005636263737623714,20461307
v2-training-0386,training,386,0.0008482402351894919,0.005777912861457231,0.00479891693125231,20461308
v2-training-0387,training,387,0.001041784925275804,0.0045170230408266105,0.004778412733687193,20461309
v2-training-0388,training,388,0.0011211798246943837,0.0050803506040137435,0.005966601393245663,20461310
v2-training-0389,training,389,0.0010147221286303015,0.005814457914406398,0.005850719694920494,20461311
v2-training-0390,training,390,0.0010444075625410565,0.005087652787314791,0.005942736248797052,20461312
v2-training-0391,training,391,0.0011080800868872723,0.00571370631989507,0.00403515808951172,20461313
v2-training-0392,training,392,0.0009491451122247141,0.004885949837705186,0.005352998318335917,20461314
v2-training-0393,training,393,0.0008672718438708413,0.005047344907174824,0.005444015140595041,20461315
v2-training-0394,training,394,0.0010038336887838954,0.005114858526234651,0.005642322875217699,20461316
v2-training-0395,training,395,0.0010578607456381787,0.004345498377975414,0.0045083285406131175,20461317
v2-training-0396,training,396,0.0011761280311284345,0.0044322566838891735,0.004675657588161489,20461318
v2-training-0397,training,397,0.0009376531963598484,0.005934629115312159,0.00419219239788342,20461319
v2-training-0398,training,398,0.0011623382994093005,0.005278539211832727,0.004706337207275572,20461320
v2-training-0399,training,399,0.001121043547585491,0.005444853912557294,0.0041382014991646265,20461321
v2-training-0400,training,400,0.0008942847095156142,0.005946282188016297,0.004363688749042264,20461322
v2-training-0401,training,401,0.001128506312245758,0.004876557087340927,0.0044204578755002765,20461323
v2-training-0402,training,402,0.0010651107620992739,0.0049832800855581505,0.005914858003537301,20461324
v2-training-0403,training,403,0.00119812373224458,0.004035583234393628,0.0048563094006016235,20461325
v2-training-0404,training,404,0.0008169847545864678,0.005187836687899601,0.004153491400339205,20461326
v2-training-0405,training,405,0.0008841181362067063,0.004119817907014894,0.005125583023956265,20461327
v2-training-0406,training,406,0.0011832541654666585,0.004928141066585227,0.005271487496145312,20461328
v2-training-0407,training,407,0.0008439620888755897,0.004146923521670691,0.004584445084450867,20461329
v2-training-0408,training,408,0.001164537831828463,0.004902552544564451,0.005921412724852438,20461330
v2-training-0409,training,409,0.0008058284200951249,0.00570633253087866,0.004207537382739996,20461331
v2-training-0410,training,410,0.0011655995472071375,0.004862348450472499,0.004881566732776385,20461332
v2-training-0411,training,411,0.0011422974608454115,0.004662367264287478,0.00419868663445254,20461333
v2-training-0412,training,412,0.0010563804233854057,0.005573106521051275,0.005329558419182521,20461334
v2-training-0413,training,413,0.0008700414537631509,0.005553707570471914,0.004125992123225834,20461335
v2-training-0414,training,414,0.0011947003751984593,0.004555249589703308,0.00525519344723032,20461336
v2-training-0415,training,415,0.0010337552840742339,0.004116301348214641,0.004803050174610872,20461337
v2-training-0416,training,416,0.0011814134324639488,0.004530765351739449,0.0040685953151539025,20461338
v2-training-0417,training,417,0.0009201855151136216,0.004238679659062585,0.004269175271273673,20461339
v2-training-0418,training,418,0.0008468232797515864,0.004584683258783561,0.004793857322544364,20461340
v2-training-0419,training,419,0.000990239014519672,0.004918543627280994,0.004520451289879282,20461341
v2-training-0420,training,420,0.0010244445842738346,0.005868752568039631,0.005028378462453615,20461342
v2-training-0421,training,421,0.001100623646563059,0.005743043895846158,0.005040017082239304,20461343
v2-training-0422,training,422,0.0008751165335482598,0.0053600914978833725,0.005091593020514725,20461344
v2-training-0423,training,423,0.0009966009716215647,0.005298423270073961,0.0058972826351055205,20461345
v2-training-0424,training,424,0.0011972665350375446,0.004243358819923868,0.005054280934487823,20461346
v2-training-0425,training,425,0.000977806465584234,0.004162713522704886,0.00459373833510705,20461347
v2-training-0426,training,426,0.0008719390921747852,0.00597675232145005,0.00467789549492749,20461348
v2-training-0427,training,427,0.0011323967862620129,0.0055666618088082,0.004341772709766053,20461349
v2-training-0428,training,428,0.0011328589213680823,0.004995231619188698,0.004922160899271965,20461350
v2-training-0429,training,429,0.0010781590562486743,0.0040295391458159075,0.005990409755432707,20461351
v2-training-0430,training,430,0.000806547525251039,0.005432510599258443,0.004041098700276855,20461352
v2-training-0431,training,431,0.0008992423985255221,0.004590136834197633,0.0050162722831280935,20461353
v2-training-0432,training,432,0.001030696367765939,0.004550859088157566,0.005452105574576982,20461354
v2-training-0433,training,433,0.001136900119921748,0.005246547348851045,0.004742601971672974,20461355
v2-training-0434,training,434,0.0010325760431024096,0.005539249369120983,0.004627669352144735,20461356
v2-training-0435,training,435,0.0010661728932699183,0.004874103664943432,0.005699214836485765,20461357
v2-training-0436,training,436,0.0009014005912879342,0.005767523869757367,0.005725928260671883,20461358
v2-training-0437,training,437,0.0011547093676283191,0.005119274154572215,0.005729804400807727,20461359
v2-training-0438,training,438,0.0008537650908934292,0.004276460121958899,0.004904935136643208,20461360
v2-training-0439,training,439,0.0008180773965949817,0.004377158906580478,0.0058181502127947985,20461361
v2-training-0440,training,440,0.0009041601409054573,0.004475264890556765,0.004916321877855603,20461362
v2-training-0441,training,441,0.0011554870923503003,0.004107203392044714,0.005026227318271206,20461363
v2-training-0442,training,442,0.0009031691584960924,0.005423232774681326,0.005245037290174542,20461364
v2-training-0443,training,443,0.0010532914133289154,0.005062000061940614,0.005762958706123944,20461365
v2-training-0444,training,444,0.0008585098136102118,0.005239848388961587,0.0044639283038243344,20461366
v2-training-0445,training,445,0.0008616619011397483,0.004317671464551336,0.004084958092152175,20461367
v2-training-0446,training,446,0.0008519982480549191,0.004997864510979895,0.0058784161611681734,20461368
v2-training-0447,training,447,0.0011277532237355563,0.0049251981024704536,0.005396401424092421,20461369
v2-training-0448,training,448,0.0009511075644691393,0.005701033880070868,0.005064784432947642,20461370
v2-training-0449,training,449,0.0011888022470247991,0.004798489009632114,0.0046500961585609814,20461371
v2-training-0450,training,450,0.0009216884802792683,0.0053009860134132294,0.0045389739760795834,20461372
v2-training-0451,training,451,0.0008513104713336619,0.005522949775115426,0.005326200825096221,20461373
v2-training-0452,training,452,0.0008178798466126718,0.004782050527068954,0.0047071921038194,20461374
v2-training-0453,training,453,0.0010468689259846705,0.004327822049336415,0.0048970161866812465,20461375
v2-training-0454,training,454,0.0011807524025380938,0.005840879633281974,0.004109170057612667,20461376
v2-training-0455,training,455,0.0010762685867084095,0.004513634334329772,0.0058642906893797,20461377
v2-training-0456,training,456,0.0011406468797832857,0.004793025713019832,0.004828569430210428,20461378
v2-training-0457,training,457,0.00112731010293616,0.0050464210568530185,0.005857352585210341,20461379
v2-training-0458,training,458,0.0009358732459525913,0.004045238913013935,0.0057863489047661545,20461380
v2-training-0459,training,459,0.0009713251856381525,0.005883715312853277,0.005959430765913973,20461381
v2-training-0460,training,460,0.001190025495884314,0.005574680804507147,0.005748398276611398,20461382
v2-training-0461,training,461,0.0011954365165473323,0.005698669608809713,0.005522019339857753,20461383
v2-training-0462,training,462,0.0008553153440272344,0.004048907357889952,0.00443578641696292,20461384
v2-training-0463,training,463,0.0010191531952767022,0.004887540711843544,0.004680870757640403,20461385
v2-training-0464,training,464,0.0008650109214570448,0.005501539355417202,0.0044408683530716975,20461386
v2-training-0465,training,465,0.00102338285786951,0.005995271235512776,0.004991160037787415,20461387
v2-training-0466,training,466,0.0009312386622356409,0.004458607117687439,0.004502257288531667,20461388
v2-training-0467,training,467,0.0008045542045596256,0.005016273641421616,0.0052884416883410175,20461389
v2-training-0468,training,468,0.0009661202981743995,0.004960011933090467,0.004315866311353943,20461390
v2-training-0469,training,469,0.0008343722783629271,0.00537041771148703,0.005009583350626104,20461391
v2-training-0470,training,470,0.0010026803511262422,0.0044506470077703385,0.005169250672104008,20461392
v2-training-0471,training,471,0.0011874044432584258,0.004011908903854939,0.005412866316349879,20461393
v2-training-0472,training,472,0.0009474709193869208,0.005921442394624663,0.005545884394423305,20461394
v2-training-0473,training,473,0.0011926330062936071,0.004296888440679613,0.005004436838220242,20461395
v2-training-0474,training,474,0.0011505608735822407,0.004213539808064666,0.004517224617734428,20461396
v2-training-0475,training,475,0.0010411287979458425,0.004947030513688436,0.00407686739560357,20461397
v2-training-0476,training,476,0.0011895828549037812,0.004685918485493811,0.004398432190047131,20461398
v2-training-0477,training,477,0.0008259144302988165,0.005665894209359759,0.005702095233757334,20461399
v2-training-0478,training,478,0.0010731744476644666,0.005916057123542413,0.004239556633776168,20461400
v2-training-0479,training,479,0.000976701085900748,0.0059994871824844385,0.005538284236962813,20461401
v2-training-0480,training,480,0.001083890683510804,0.005631845880261839,0.005381738428503407,20461402
v2-training-0481,training,481,0.0008143733612936462,0.004824746851776446,0.004938473964926336,20461403
v2-training-0482,training,482,0.001092918739905679,0.004208936881562108,0.005378473959724944,20461404
v2-training-0483,training,483,0.0010047266547117072,0.004727219276453727,0.005149942586579099,20461405
v2-training-0484,training,484,0.000804934982571694,0.005281576065362194,0.004391410594059803,20461406
v2-training-0485,training,485,0.001141890672293622,0.0057355863099841885,0.00510996430759697,20461407
v2-training-0486,training,486,0.001099993412403384,0.005866469731917382,0.004711719223392804,20461408
v2-training-0487,training,487,0.0010871229839833259,0.005201869418391836,0.0049747670285406,20461409
v2-training-0488,training,488,0.000801255860329933,0.005892119142057693,0.005838023317258925,20461410
v2-training-0489,training,489,0.0010985789372924366,0.004067917329688869,0.005033327289775219,20461411
v2-training-0490,training,490,0.0011245675821501505,0.004930978476518481,0.004631496946905495,20461412
v2-training-0491,training,491,0.0010205060239400288,0.005219275517367572,0.005406743131287189,20461413
v2-training-0492,training,492,0.0009146219644041588,0.00457760205656328,0.005147799745890689,20461414
v2-training-0493,training,493,0.0011259532551484077,0.005876730826854727,0.0040890320807593925,20461415
v2-training-0494,training,494,0.0008849330708636716,0.005377913392918871,0.004548685408482811,20461416
v2-training-0495,training,495,0.0009188593732487057,0.005308994416492258,0.004751532595869281,20461417
v2-training-0496,training,496,0.0008497594906511111,0.004892149703502626,0.005827902308526638,20461418
v2-training-0497,training,497,0.0009245497582071924,0.004880675000811003,0.005869058577469943,20461419
v2-training-0498,training,498,0.0009752966285300367,0.005316764626224291,0.005581638269279267,20461420
v2-training-0499,training,499,0.0008630121597377394,0.004917721147162467,0.00598529153757219,20461421
v2-training-0500,training,500,0.0011855819520238662,0.004831825149625026,0.005343342822736007,20461422
v2-training-0501,training,501,0.0011585810262113147,0.004667229850626164,0.004090909508424294,20461423
v2-training-0502,training,502,0.0008313734046082964,0.005832049318063922,0.005336536542106716,20461424
v2-training-0503,training,503,0.0008706962152304574,0.004832790333571977,0.0042863830677808,20461425
v2-training-0504,training,504,0.0010266786579619651,0.004602452757030016,0.004014819732745233,20461426
v2-training-0505,training,505,0.001163377697676087,0.005091371288363273,0.005080734973956278,20461427
v2-training-0506,training,506,0.0011661732050588071,0.005387206840614006,0.005588560740696745,20461428
v2-training-0507,training,507,0.001169924494356818,0.0048407004600688995,0.004382682912469336,20461429
v2-training-0508,training,508,0.0008729274834828648,0.004236481478443011,0.005432235040316388,20461430
v2-training-0509,training,509,0.0009275821138651855,0.004564714159349706,0.004570765790041144,20461431
v2-training-0510,training,510,0.0009319320766789955,0.005005840685594802,0.004657333930419566,20461432
v2-training-0511,training,511,0.0009840540547733899,0.005566042021242316,0.004872263268656876,20461433
v2-validation-0000,validation,0,0.0010112157609560321,0.0048935576920433,0.005669248216525593,20560922
v2-validation-0001,validation,1,0.0011321918153677306,0.004872636458405452,0.0050770887778237885,20560923
v2-validation-0002,validation,2,0.0009001059702200611,0.004725509867465742,0.004493340919398187,20560924
v2-validation-0003,validation,3,0.0009584279554419737,0.00416953567788197,0.005356472889467141,20560925
v2-validation-0004,validation,4,0.0010809233770278227,0.005072988839764104,0.0053160766560372726,20560926
v2-validation-0005,validation,5,0.0008440289678178433,0.004382252533504812,0.004450988376895079,20560927
v2-validation-0006,validation,6,0.0011630817725018499,0.0048328012950766865,0.005135984146821022,20560928
v2-validation-0007,validation,7,0.0008924712318084764,0.0045327187346950685,0.004932173323490794,20560929
v2-validation-0008,validation,8,0.001187780014293585,0.004471434503099792,0.005643114482963409,20560930
v2-validation-0009,validation,9,0.001150153823665214,0.004688223361438287,0.005457570482401624,20560931
v2-validation-0010,validation,10,0.0008017116064814958,0.005557613004730058,0.004149389479500274,20560932
v2-validation-0011,validation,11,0.0008962849463344242,0.004337414197968229,0.005861512248570453,20560933
v2-validation-0012,validation,12,0.0009359416917871935,0.004036235798906424,0.004848619193522636,20560934
v2-validation-0013,validation,13,0.001192723403235915,0.00430987780134285,0.005747927448138307,20560935
v2-validation-0014,validation,14,0.0010196556809790884,0.004460313989990731,0.005818481785781811,20560936
v2-validation-0015,validation,15,0.0011004249280482372,0.004195775303547835,0.004034265441057005,20560937
v2-validation-0016,validation,16,0.0010591954459466895,0.004967345965246159,0.004701855619694752,20560938
v2-validation-0017,validation,17,0.0009743234066038321,0.0042517316241364855,0.0051886272650598815,20560939
v2-validation-0018,validation,18,0.0010438522972493242,0.004998044042071427,0.005591717486988113,20560940
v2-validation-0019,validation,19,0.0011764390049168382,0.005686788835645942,0.005523603151931991,20560941
v2-validation-0020,validation,20,0.0008591099917497305,0.005629373296590096,0.0059937588829887525,20560942
v2-validation-0021,validation,21,0.0009714965249203403,0.004489323895803053,0.005719459218697707,20560943
v2-validation-0022,validation,22,0.0009786629704711387,0.00525470187752189,0.005419198237297492,20560944
v2-validation-0023,validation,23,0.0008094215084424392,0.004409610550912046,0.004237779103511228,20560945
v2-validation-0024,validation,24,0.0010959640253043635,0.004757202812024545,0.004164252377249006,20560946
v2-validation-0025,validation,25,0.0008779517721845646,0.004524818044536861,0.005597477542168742,20560947
v2-validation-0026,validation,26,0.0009338038860709288,0.00582716923609067,0.004836355391398165,20560948
v2-validation-0027,validation,27,0.001147244537937906,0.005809457333884792,0.005977391940393531,20560949
v2-validation-0028,validation,28,0.001194427239747032,0.0057317613554037404,0.005396295177539147,20560950
v2-validation-0029,validation,29,0.0008298727809792716,0.00492529556267831,0.00429304196633359,20560951
v2-validation-0030,validation,30,0.0011591616899509405,0.005046454413952761,0.005205299603421814,20560952
v2-validation-0031,validation,31,0.001024304528907408,0.004292436991535213,0.005386079040049872,20560953
v2-validation-0032,validation,32,0.0009526316137693528,0.004112790286958796,0.00579333382121279,20560954
v2-validation-0033,validation,33,0.0010842666728805087,0.005399582641280266,0.004677229085621308,20560955
v2-validation-0034,validation,34,0.0009378233860649205,0.004084376870970467,0.004458400299217305,20560956
v2-validation-0035,validation,35,0.0009631990694104784,0.004712142846714207,0.005089662627781175,20560957
v2-validation-0036,validation,36,0.0008383557903947702,0.004552327448031687,0.005695363389997701,20560958
v2-validation-0037,validation,37,0.0010873837701058224,0.0053075724611685434,0.0054922750441821575,20560959
v2-validation-0038,validation,38,0.0008176937481426057,0.005050442156163319,0.004474953946996241,20560960
v2-validation-0039,validation,39,0.0008199222391227819,0.005017170398676239,0.004874550600727787,20560961
v2-validation-0040,validation,40,0.0009046032474394496,0.005146079764015288,0.00480904126561809,20560962
v2-validation-0041,validation,41,0.001075559744029617,0.005694989786738991,0.005566370855482462,20560963
v2-validation-0042,validation,42,0.0009994070115967452,0.005173412161397515,0.0050334256259792235,20560964
v2-validation-0043,validation,43,0.0009130014411009362,0.005463732882383301,0.005018995080757096,20560965
v2-validation-0044,validation,44,0.0009119465257786049,0.0042792150132865145,0.004104763658381539,20560966
v2-validation-0045,validation,45,0.0010339605698936913,0.005984410532116399,0.004970978176814575,20560967
v2-validation-0046,validation,46,0.001106168491154316,0.004444955453973193,0.005881387851765154,20560968
v2-validation-0047,validation,47,0.001038955029604928,0.005900362242291941,0.004669123598457433,20560969
v2-validation-0048,validation,48,0.0009914453094931332,0.004366574438159364,0.005624578797730316,20560970
v2-validation-0049,validation,49,0.0008710856033421448,0.004315326961637719,0.004616616576836763,20560971
v2-validation-0050,validation,50,0.0009617455763584615,0.005436179657870188,0.004547197080705849,20560972
v2-validation-0051,validation,51,0.0009666495496834105,0.005834146893117172,0.0042125008274635336,20560973
v2-validation-0052,validation,52,0.0008629582127566682,0.0049144534699106755,0.00494826656094549,20560974
v2-validation-0053,validation,53,0.0008860853090419114,0.004150470254403737,0.004000409969136169,20560975
v2-validation-0054,validation,54,0.0008783819441288573,0.00547300214018494,0.005501510088218062,20560976
v2-validation-0055,validation,55,0.0011295577750194989,0.005384138791869275,0.005329983369512138,20560977
v2-validation-0056,validation,56,0.0010676588724284803,0.004514063712798165,0.004219607124527595,20560978
v2-validation-0057,validation,57,0.0008824203770852583,0.0048040771918348765,0.005254313278866605,20560979
v2-validation-0058,validation,58,0.0011080407292723441,0.005754780320257412,0.005120460971562341,20560980
v2-validation-0059,validation,59,0.0010148102639474992,0.005566994036307105,0.004520522179428466,20560981
v2-validation-0060,validation,60,0.0011731049737176923,0.004618429747070391,0.005545156478247746,20560982
v2-validation-0061,validation,61,0.0010875883977274267,0.004431830951332017,0.00411668722415868,20560983
v2-validation-0062,validation,62,0.00116710858870553,0.0052057062949378,0.005474733563587168,20560984
v2-validation-0063,validation,63,0.0010174704100849514,0.00494292295416979,0.004580615804899712,20560985
v2-validation-0064,validation,64,0.0008223447912344731,0.0053465578068903116,0.004531391982501912,20560986
v2-validation-0065,validation,65,0.0011134346523944245,0.005850540166442631,0.00490484585692412,20560987
v2-validation-0066,validation,66,0.0008412036946062107,0.005954844754665707,0.004326959484495383,20560988
v2-validation-0067,validation,67,0.001110906232949081,0.005080334359611439,0.004070280336969904,20560989
v2-validation-0068,validation,68,0.0010632018298816024,0.005337646165652218,0.004274214601338909,20560990
v2-validation-0069,validation,69,0.0010037268643851057,0.005242191645438347,0.004260906553181098,20560991
v2-validation-0070,validation,70,0.0010484540280407543,0.004010228856415834,0.005905316851894927,20560992
v2-validation-0071,validation,71,0.0009279366302773234,0.005782286599768189,0.0058500898755598114,20560993
v2-validation-0072,validation,72,0.000994709254483335,0.00598341666645169,0.004793501163596517,20560994
v2-validation-0073,validation,73,0.0011432676859587305,0.005880943530282218,0.0040481588583189485,20560995
v2-validation-0074,validation,74,0.0009427329474383091,0.005716885531264834,0.004911243663738854,20560996
v2-validation-0075,validation,75,0.0011391016782994908,0.00413235565543638,0.004180313481026837,20560997
v2-validation-0076,validation,76,0.0009174112012024552,0.004826189700720716,0.005843315706011577,20560998
v2-validation-0077,validation,77,0.0008474247391589,0.004599652618990215,0.005432718567196113,20560999
v2-validation-0078,validation,78,0.0009869845027490156,0.005931426299469966,0.0055543321197727095,20561000
v2-validation-0079,validation,79,0.000889408288765137,0.005228573796529799,0.004705975815666258,20561001
v2-validation-0080,validation,80,0.0010719335893326883,0.005610504525416112,0.004777642389535922,20561002
v2-validation-0081,validation,81,0.0008345853043781919,0.005291246346932639,0.00591274569836636,20561003
v2-validation-0082,validation,82,0.0011982121631342539,0.005860717154401625,0.005298729030424095,20561004
v2-validation-0083,validation,83,0.0011860935225875933,0.004747581185457508,0.0046350508873982685,20561005
v2-validation-0084,validation,84,0.0009556391708164691,0.0059393532142327015,0.005442340036934806,20561006
v2-validation-0085,validation,85,0.001182998471064476,0.004778935253519472,0.005179100593349739,20561007
v2-validation-0086,validation,86,0.0010346853581853746,0.004027834934017555,0.005164433510901935,20561008
v2-validation-0087,validation,87,0.0011218993582149095,0.004571549872449913,0.004968730605815173,20561009
v2-validation-0088,validation,88,0.0009302148163392568,0.004179942648423157,0.005241008317819709,20561010
v2-validation-0089,validation,89,0.0011548569201416641,0.0042452367030834616,0.004577808159302859,20561011
v2-validation-0090,validation,90,0.0008727064973644398,0.005598648153878437,0.004731516136608392,20561012
v2-validation-0091,validation,91,0.0008503461915804898,0.005320362201995928,0.004431635182152347,20561013
v2-validation-0092,validation,92,0.0009065159058277754,0.0059150584168526825,0.005062436916509638,20561014
v2-validation-0093,validation,93,0.0010265743900195734,0.00422325533783903,0.005765402080880644,20561015
v2-validation-0094,validation,94,0.0010514668464580374,0.005125686475967395,0.004645213579340705,20561016
v2-validation-0095,validation,95,0.001007162696371082,0.005115872066911711,0.004137751559440001,20561017
v2-validation-0096,validation,96,0.00105580115157934,0.00576825701893577,0.0043598062519389,20561018
v2-validation-0097,validation,97,0.0010978369846635935,0.005197122834404292,0.004408760738406888,20561019
v2-validation-0098,validation,98,0.0011618152943910606,0.005109304622263879,0.005946296198522243,20561020
v2-validation-0099,validation,99,0.0010697278227184324,0.0041007109883381,0.005012556873738999,20561021
v2-validation-0100,validation,100,0.0010019851412110242,0.0055911165255620905,0.005280810875794656,20561022
v2-validation-0101,validation,101,0.0009487177908272889,0.005012211650371697,0.005226162476621699,20561023
v2-validation-0102,validation,102,0.0009878597157533143,0.005502406868155144,0.004510888818222354,20561024
v2-validation-0103,validation,103,0.0011799351858983527,0.0055195581088655415,0.004745244252922316,20561025
v2-validation-0104,validation,104,0.0008145514030937907,0.004846388765803066,0.004817836201141558,20561026
v2-validation-0105,validation,105,0.0008260917136524849,0.004660663322036505,0.004335600134178899,20561027
v2-validation-0106,validation,106,0.001042878284582103,0.004064450775055659,0.005285872284336157,20561028
v2-validation-0107,validation,107,0.000920182688819356,0.004888023063977068,0.005934035371576501,20561029
v2-validation-0108,validation,108,0.0009813745717507276,0.0056513701539384455,0.004021732380745506,20561030
v2-validation-0109,validation,109,0.0011156472282126161,0.00439350352224081,0.004312072374582658,20561031
v2-validation-0110,validation,110,0.000805783492478232,0.0049733194336713075,0.0051541118302005934,20561032
v2-validation-0111,validation,111,0.0011276629022429069,0.005671050187450725,0.0058054955565665905,20561033
v2-validation-0112,validation,112,0.000831263511681372,0.0054850299404777605,0.004192874793070955,20561034
v2-validation-0113,validation,113,0.0011713582684417028,0.004685380281938985,0.004353576277818369,20561035
v2-validation-0114,validation,114,0.0010932482984603448,0.005734879912487069,0.004984760002390337,20561036
v2-validation-0115,validation,115,0.0011345699879546315,0.004358980133485663,0.004607336854464807,20561037
v2-validation-0116,validation,116,0.0008671603505526198,0.005536013044819273,0.0053666240642836335,20561038
v2-validation-0117,validation,117,0.0008548192164789779,0.005368041485725122,0.004079452679343061,20561039
v2-validation-0118,validation,118,0.0011464008696486126,0.004640984616241239,0.005680477490622338,20561040
v2-validation-0119,validation,119,0.000898090790885915,0.004212532349074084,0.0057800360876677295,20561041
v2-validation-0120,validation,120,0.0010304586966528755,0.004589644076580354,0.0043783941347760825,20561042
v2-validation-0121,validation,121,0.0009450109423210508,0.0054107079427352205,0.0043999558219143045,20561043
v2-validation-0122,validation,122,0.000977727892272334,0.005448643642202211,0.004761525520125841,20561044
v2-validation-0123,validation,123,0.0008071003337863092,0.0047813136795049485,0.005717402445702446,20561045
v2-validation-0124,validation,124,0.0010605861167269277,0.004635894607531007,0.005635708014353199,20561046
v2-validation-0125,validation,125,0.0011205164953500132,0.005280065550357168,0.004888336255385914,20561047
v2-validation-0126,validation,126,0.0008599564559999012,0.004052404733418719,0.005968675683230204,20561048
v2-validation-0127,validation,127,0.0009221415526931726,0.00516942882075779,0.0051023516056473255,20561049
