trajectory_id,split,index,du,dv,k,ic_seed,ic_regime,parameter_band
train-0000,train,0,0.001182174741199613,0.00520909809907367,0.004937852585990024,11729,train,central
train-0001,train,1,0.0009719774847671943,0.004317853581439416,0.004376299309488875,11730,train,central
train-0002,train,2,0.0009836887138220819,0.004337216965331589,0.004816257826934518,11731,train,central
train-0003,train,3,0.0009304125207340737,0.005150198981380137,0.004155466726510192,11732,train,central
train-0004,train,4,0.0008382321562183457,0.005300599106082339,0.004622821901060502,11733,train,central
train-0005,train,5,0.0009585717537710814,0.005586923058289525,0.0053828064546787135,11734,train,central
train-0006,train,6,0.000927459554643372,0.004279698814752049,0.004516440440637293,11735,train,central
train-0007,train,7,0.0011532747223594406,0.005036055481226992,0.004702169702789818,11736,train,central
train-0008,train,8,0.0011391710973377622,0.005429022860377499,0.004606150777794735,11737,train,central
train-0009,train,9,0.0009782044389045727,0.004446058503787686,0.004893635387941045,11738,train,central
train-0010,train,10,0.0010575568611367499,0.004120623105276658,0.00436016729085222,11739,train,central
train-0011,train,11,0.0008807312648628218,0.0040911322398437255,0.004066855683260157,11740,train,central
train-0012,train,12,0.0011425377954101218,0.005256167420177241,0.004677791684112613,11741,train,central
train-0013,train,13,0.0010519975048461888,0.004170604553949416,0.005004957040232214,11742,train,central
train-0014,train,14,0.0008907774696828624,0.004203335219483896,0.005859953796058819,11743,train,central
train-0015,train,15,0.000820873889244725,0.005505526229507482,0.0045344498048641,11744,train,central
train-0016,train,16,0.0010970190396965883,0.005908843796178753,0.005157681441720897,11745,train,central
train-0017,train,17,0.0009809969432361188,0.004071608601480605,0.005213427054729932,11746,train,central
train-0018,train,18,0.0010097777077142636,0.00432826313814914,0.005147892041482164,11747,train,central
train-0019,train,19,0.0009067564965909995,0.004052246943641107,0.005732448910225786,11748,train,central
train-0020,train,20,0.0008052254407159389,0.004841281781370822,0.0050756162593078614,11749,train,central
train-0021,train,21,0.0008599583374044118,0.005495607783312368,0.004056637274885164,11750,train,central
train-0022,train,22,0.0008708224327609545,0.005647130960907824,0.00402521754064491,11751,train,central
train-0023,train,23,0.0009818693972093785,0.005533871261658564,0.005811118559102711,11752,train,central
train-0024,train,24,0.0011976210578424793,0.004614638150961045,0.004443413709884733,11753,train,central
train-0025,train,25,0.0011205509996939482,0.005312880996406344,0.004428544086809201,11754,train,central
train-0026,train,26,0.0011231034668695034,0.005526722179869815,0.0043038447587683,11755,train,central
train-0027,train,27,0.0009944323132579525,0.005607462827043939,0.005961612305763595,11756,train,central
train-0028,train,28,0.0009178920629768384,0.0044555728363577865,0.004417634277412541,11757,train,central
train-0029,train,29,0.0011174306558368015,0.004584484144355633,0.005517138328723627,11758,train,central
train-0030,train,30,0.0008216405244892504,0.0052184192806554236,0.005198673954992743,11759,train,central
train-0031,train,31,0.0011495148155261882,0.004497216831677711,0.005756138612570711,11760,train,central
train-0032,train,32,0.0009453655447295917,0.005755661759513571,0.0041108476399991534,11761,train,central
train-0033,train,33,0.0010207843015620408,0.004006877419510336,0.00498023309186522,11762,train,central
train-0034,train,34,0.0008503801430745464,0.004547146328339251,0.005335827043926512,11763,train,central
train-0035,train,35,0.0009862495049011257,0.005942684123730011,0.005302927257022249,11764,train,central
train-0036,train,36,0.0008974481189173812,0.004591775584976427,0.004734443254579166,11765,train,central
train-0037,train,37,0.0009967418892552905,0.004722488351909133,0.004227647961939577,11766,train,central
train-0038,train,38,0.0008827650214915734,0.005556266272925268,0.0045606166738783715,11767,train,central
train-0039,train,39,0.0008107788960332762,0.004063267640302812,0.004093300957519772,11768,train,central
train-0040,train,40,0.0010733474209874833,0.005913228678097011,0.004967754279330203,11769,train,central
train-0041,train,41,0.0008256895807445421,0.005469984127208489,0.005435785600753213,11770,train,central
train-0042,train,42,0.0011731866136635463,0.0045268181377488125,0.004046360532156898,11771,train,central
train-0043,train,43,0.0010648776488974773,0.00409665907623784,0.00508758323341304,11772,train,central
train-0044,train,44,0.0008633243526923826,0.004809872931703371,0.00478589260363577,11773,train,central
train-0045,train,45,0.001115944982410791,0.004192354458320233,0.004506500231271667,11774,train,central
train-0046,train,46,0.0011586889878995915,0.005772872337887736,0.004525532832731246,11775,train,central
train-0047,train,47,0.0010294889242370153,0.005673923074613155,0.004662438263217894,11776,train,central
train-0048,train,48,0.000990015340540305,0.004701215169297537,0.004798782467321869,11777,train,central
train-0049,train,49,0.0008400266552685576,0.005872263180230441,0.005019320629061343,11778,train,central
train-0050,train,50,0.001136051723884677,0.00521979010120056,0.0043233799175318955,11779,train,central
train-0051,train,51,0.0010838767786030064,0.005890415067000831,0.004258238071098356,11780,train,central
train-0052,train,52,0.0010832238771217716,0.004561180020451579,0.005342825470872805,11781,train,central
train-0053,train,53,0.0010601220422556583,0.00509713106617069,0.005426574893695601,11782,train,central
train-0054,train,54,0.0009691489239478921,0.004755901691789154,0.004870930466049569,11783,train,central
train-0055,train,55,0.001037988777932153,0.004396391667387458,0.004862262756661083,11784,train,central
train-0056,train,56,0.0011059177570603175,0.0043550693747944,0.005523169048860896,11785,train,central
train-0057,train,57,0.0010696646424677148,0.004784417487799855,0.004973583601617551,11786,train,central
train-0058,train,58,0.0009915590671348408,0.005019839711878636,0.004742101573423634,11787,train,central
train-0059,train,59,0.0011337207114020917,0.0052288967561216915,0.005622709107266751,11788,train,central
train-0060,train,60,0.0008530325195096434,0.004382888090123776,0.004486153987485247,11789,train,central
train-0061,train,61,0.0011604460830381678,0.004225095372955554,0.004844731970686557,11790,train,central
train-0062,train,62,0.0008138273968112811,0.005380366736209135,0.004949957602869335,11791,train,central
train-0063,train,63,0.0009488265897947979,0.0043678817658297595,0.004033554440934109,11792,train,central
train-0064,train,64,0.000929347990920013,0.005358083593352022,0.005154779064085832,11793,train,central
train-0065,train,65,0.000868292152251053,0.005112699335805413,0.005349714981332815,11794,train,central
train-0066,train,66,0.00116468353983279,0.005834555253431455,0.004343325144312885,11795,train,central
train-0067,train,67,0.000816222193865773,0.005961520584018989,0.005045366043217663,11796,train,central
train-0068,train,68,0.0008189932546031027,0.00443144667884019,0.004575072820133351,11797,train,central
train-0069,train,69,0.0011408901181113507,0.0058449531866773445,0.004820873326846221,11798,train,central
train-0070,train,70,0.0008395311577105156,0.004078863525475901,0.004953415906184718,11799,train,central
train-0071,train,71,0.001194213716727095,0.005424209976698624,0.005367034318141107,11800,train,central
train-0072,train,72,0.0011272296221842123,0.005234447396362055,0.005453971309326611,11801,train,central
train-0073,train,73,0.0010591122434033338,0.005620844641493989,0.004989187965871513,11802,train,central
train-0074,train,74,0.0009840862417844765,0.005781394316597246,0.005275611695387887,11803,train,central
train-0075,train,75,0.0010143614344077228,0.005411532436435982,0.004895235854025233,11804,train,central
train-0076,train,76,0.0008513083076171359,0.005665289042159862,0.00581555758952915,11805,train,central
train-0077,train,77,0.0011857282875122966,0.005564169487074266,0.004790784351453924,11806,train,central
train-0078,train,78,0.0011422042830092037,0.005354376445678987,0.005871355572098691,11807,train,central
train-0079,train,79,0.0010245726030663623,0.005001772320657068,0.0051143009056264024,11808,train,central
train-0080,train,80,0.0009655907936767666,0.005899296334302021,0.005607647573829295,11809,train,central
train-0081,train,81,0.0009213669699267516,0.004283324130978426,0.005328102575891596,11810,train,central
train-0082,train,82,0.0009131803678827089,0.005980559722561469,0.004854586177936322,11811,train,central
train-0083,train,83,0.0009385010852729057,0.004626826332893583,0.004639380506903418,11812,train,central
train-0084,train,84,0.0011776037054489694,0.005157089720287615,0.005706867509693693,11813,train,central
train-0085,train,85,0.0009424885728246058,0.004944063442291272,0.005851878893098436,11814,train,central
train-0086,train,86,0.0009955049424727489,0.004390629073148737,0.005925672227446664,11815,train,central
train-0087,train,87,0.0010374696454892736,0.005864922859971462,0.005971263560277183,11816,train,central
train-0088,train,88,0.0009172836314673449,0.005687598823429094,0.0043665328495683265,11817,train,central
train-0089,train,89,0.0008565662051588466,0.005485240496363862,0.005868543145692273,11818,train,central
train-0090,train,90,0.000908316487570484,0.0051923054069119125,0.004332396479906589,11819,train,central
train-0091,train,91,0.0010064765410223303,0.00485592389203194,0.005896893628628915,11820,train,central
train-0092,train,92,0.0010502299041188585,0.0041446177723608165,0.005769782201505586,11821,train,central
train-0093,train,93,0.0010437076789738453,0.004756979068893638,0.0048350235113105225,11822,train,central
train-0094,train,94,0.0008426270285523524,0.004766890199162924,0.004718917521926179,11823,train,central
train-0095,train,95,0.001112006277594278,0.0048017769371491775,0.005406965008108899,11824,train,central
train-0096,train,96,0.0009638390129823467,0.004864189623629486,0.005682649306012556,11825,train,central
train-0097,train,97,0.0010267364684032772,0.00434413943530946,0.005978776229085452,11826,train,central
train-0098,train,98,0.0010535724268303937,0.005104663819276373,0.0053571831794362555,11827,train,central
train-0099,train,99,0.001192694913241051,0.0042179858465865175,0.005834359442080594,11828,train,central
train-0100,train,100,0.0011131344114892474,0.004162592675571893,0.0054726713372148334,11829,train,central
train-0101,train,101,0.0009024789467513602,0.00452168744787423,0.0052261652357836075,11830,train,central
train-0102,train,102,0.0011740454365141183,0.0059980570604820805,0.005459473508777852,11831,train,central
train-0103,train,103,0.0011705409038889041,0.005066583645012717,0.004314639778138256,11832,train,central
train-0104,train,104,0.0009866023100404784,0.004814050988045533,0.00434521064601091,11833,train,central
train-0105,train,105,0.0008113075998643917,0.004534754908008871,0.00492940187527905,11834,train,central
train-0106,train,106,0.0011308716154882262,0.004899960025736057,0.005697134905830357,11835,train,central
train-0107,train,107,0.0009526103649648487,0.005246104188798775,0.005701475448648183,11836,train,central
train-0108,train,108,0.0010113640244115455,0.004737283227272528,0.0041045579460175724,11837,train,central
train-0109,train,109,0.0008355998221519542,0.005119521103426165,0.005775835017720223,11838,train,central
train-0110,train,110,0.0011865716759265183,0.005615729594051065,0.005920918732812051,11839,train,central
train-0111,train,111,0.001090201093735177,0.005082891411215514,0.004923777156537856,11840,train,central
train-0112,train,112,0.001119809361404939,0.005808631320028606,0.004282928661923804,11841,train,central
train-0113,train,113,0.0011895330591467428,0.004423576231546472,0.005839412981801035,11842,train,central
train-0114,train,114,0.0008266521431842922,0.00454367034935508,0.005299344089272206,11843,train,central
train-0115,train,115,0.0008600557510479011,0.004600708770336729,0.005167110584495906,11844,train,central
train-0116,train,116,0.0008750109134295961,0.004358778190882215,0.004469967498941385,11845,train,central
train-0117,train,117,0.0011835210270830408,0.00462419221213729,0.004194924215343296,11846,train,central
train-0118,train,118,0.001091889028709532,0.004943473069166367,0.005569562017184628,11847,train,central
train-0119,train,119,0.0010866457566958412,0.00533208046877274,0.005716617199281076,11848,train,central
train-0120,train,120,0.0010681392205226232,0.004509082640684383,0.00528619582816807,11849,train,central
train-0121,train,121,0.0009434734425582741,0.005593754809809538,0.004115580211074172,11850,train,central
train-0122,train,122,0.0010417016702547728,0.00471653767478017,0.004613488336908544,11851,train,central
train-0123,train,123,0.0009557944905562065,0.005719506131820723,0.005911702715844385,11852,train,central
train-0124,train,124,0.0010569521235994786,0.005802976086253581,0.004193259052234515,11853,train,central
train-0125,train,125,0.0008717219010282791,0.0054680699260651255,0.005505169645783767,11854,train,central
train-0126,train,126,0.0010488443019947237,0.005547266024523373,0.0046725050844804075,11855,train,central
train-0127,train,127,0.0010621993913851168,0.004932334359466217,0.004885296222012213,11856,train,central
train-0128,train,128,0.0011220921785865272,0.005059608907147023,0.00417038856196759,11857,train,central
train-0129,train,129,0.0010545575553661329,0.004374914372243136,0.005746405377871442,11858,train,central
train-0130,train,130,0.0009122505190471519,0.005947223914266726,0.00418554643677214,11859,train,central
train-0131,train,131,0.000944972063031142,0.004415200885916645,0.004275404317197126,11860,train,central
train-0132,train,132,0.0008091850705777846,0.005278494854632179,0.005322177114374904,11861,train,central
train-0133,train,133,0.0011564527756731595,0.004778216485752499,0.004292254097330976,11862,train,central
train-0134,train,134,0.0011091726244628949,0.004877222974933765,0.00535529401254178,11863,train,central
train-0135,train,135,0.0010445972151425773,0.005745647615837959,0.0058897237960622685,11864,train,central
train-0136,train,136,0.0009283896813806964,0.00474830235261554,0.005829530919220912,11865,train,central
train-0137,train,137,0.0008365798907708688,0.005399306363157504,0.004095375000711089,11866,train,central
train-0138,train,138,0.0011002597330646874,0.004242184641983317,0.005590898061470178,11867,train,central
train-0139,train,139,0.0010455855013586034,0.005523675357963925,0.0055253800814699635,11868,train,central
train-0140,train,140,0.0008468179193855398,0.005071862447781745,0.00452103859283379,11869,train,central
train-0141,train,141,0.0009048833798306303,0.004606395554497629,0.005014276347628462,11870,train,central
train-0142,train,142,0.0011591247859871097,0.005134759329797552,0.004768246427519995,11871,train,central
train-0143,train,143,0.0009564766763509591,0.005381295485800604,0.004727144568800246,11872,train,central
train-0144,train,144,0.0009052174142276155,0.0048727289064761335,0.004202389943986988,11873,train,central
train-0145,train,145,0.0008673233187300278,0.005507446694485177,0.0057884750473169546,11874,train,central
train-0146,train,146,0.0009101090414412593,0.004023325566980415,0.005603703652513168,11875,train,central
train-0147,train,147,0.0009321303553607162,0.005324974684321406,0.0045692930719536656,11876,train,central
train-0148,train,148,0.0011635544962478803,0.0044724828762682444,0.0055424647809690876,11877,train,central
train-0149,train,149,0.0009632691990840008,0.004025766934729979,0.0042455155489009855,11878,train,central
train-0150,train,150,0.000977287000471718,0.004310376611546057,0.005389216335219929,11879,train,central
train-0151,train,151,0.001088037233849016,0.004986516619491157,0.005991643739205774,11880,train,central
train-0152,train,152,0.0008893253178876912,0.005682637549098631,0.005953957428205224,11881,train,central
train-0153,train,153,0.0011883356951988971,0.00598907149530022,0.0044348549384942,11882,train,central
train-0154,train,154,0.0009367078179724066,0.005026156629941148,0.004777933823419246,11883,train,central
train-0155,train,155,0.0009395513282328925,0.004646666445590171,0.0042172384132305556,11884,train,central
train-0156,train,156,0.0011659032642107648,0.0054176385515453075,0.00566937708054973,11885,train,central
train-0157,train,157,0.0010775629302865086,0.005965293978251157,0.004713313203897207,11886,train,central
train-0158,train,158,0.0008457446007985659,0.004979079937006934,0.004995084674818729,11887,train,central
train-0159,train,159,0.0010003626447166786,0.00459520906927798,0.005369993772971485,11888,train,central
train-0160,train,160,0.0009897442057468526,0.005568977085087042,0.004007707046422292,11889,train,central
train-0161,train,161,0.001129656685610866,0.005237661348983021,0.005486886109294516,11890,train,central
train-0162,train,162,0.000933999959682045,0.004487871865777838,0.004916143444607816,11891,train,central
train-0163,train,163,0.0008814964021123645,0.005930044366052056,0.004611413251086469,11892,train,central
train-0164,train,164,0.001025166768994213,0.0041069385074485685,0.005662285989988045,11893,train,central
train-0165,train,165,0.000972769564203026,0.005830184709928001,0.0048027715901465705,11894,train,central
train-0166,train,166,0.000865412517991558,0.004994948307823438,0.005061148206316151,11895,train,central
train-0167,train,167,0.0010193867113293738,0.004153324531047438,0.004402293868088452,11896,train,central
train-0168,train,168,0.0011148830465737773,0.0052958810012244915,0.005210862012381081,11897,train,central
train-0169,train,169,0.0008039807587402343,0.005475878317930685,0.004311351660360426,11898,train,central
train-0170,train,170,0.0008338520769855079,0.0048310394146045925,0.004476219063906059,11899,train,central
train-0171,train,171,0.0008640200934355017,0.004690323626961167,0.005737768766585545,11900,train,central
train-0172,train,172,0.0009464740070486912,0.004272020885481305,0.004056109131694066,11901,train,central
train-0173,train,173,0.0010082416686604092,0.005044048916037263,0.004209318119887268,11902,train,central
train-0174,train,174,0.0009403543243389558,0.005818045573086071,0.004690861169564243,11903,train,central
train-0175,train,175,0.001108234809153741,0.0046816109405988455,0.00417689613195967,11904,train,central
train-0176,train,176,0.0008486850651837996,0.0041311831413053095,0.004706344515117824,11905,train,central
train-0177,train,177,0.0008298199844226208,0.004901574659904984,0.004825881624097392,11906,train,central
train-0178,train,178,0.0010895837190137815,0.004042663785917719,0.005663380666695573,11907,train,central
train-0179,train,179,0.0011842743318820044,0.004653291817295416,0.00546577589781881,11908,train,central
train-0180,train,180,0.0010394499505188043,0.004251158039488081,0.005178005144906836,11909,train,central
train-0181,train,181,0.0008620135238639161,0.004262769602251405,0.004128176030909223,11910,train,central
train-0182,train,182,0.001132358139425222,0.00505039862765487,0.0054778287710047485,11911,train,central
train-0183,train,183,0.0008767668346500618,0.004438729583566077,0.004634680406170422,11912,train,central
train-0184,train,184,0.0009241772805572849,0.0048588118483338955,0.005096971288898238,11913,train,central
train-0185,train,185,0.0008787812705756795,0.005175008498994349,0.0059361590986437025,11914,train,central
train-0186,train,186,0.0010107075436047337,0.005404603309889592,0.0057639656560208325,11915,train,central
train-0187,train,187,0.0008982351916866707,0.005183427840560615,0.0044105668040315205,11916,train,central
train-0188,train,188,0.0010279097927428705,0.005705124731892308,0.004132168288940831,11917,train,central
train-0189,train,189,0.001071723176690805,0.005726401121024566,0.005245142919615897,11918,train,central
train-0190,train,190,0.001065604147416529,0.004341688269311234,0.005558585482916174,11919,train,central
train-0191,train,191,0.0008317223109503269,0.004961819806069518,0.004699589381074591,11920,train,central
train-0192,train,192,0.0008872750644626264,0.004708442120492742,0.005188161723327929,11921,train,central
train-0193,train,193,0.0010470100099379753,0.004463621349007982,0.004467523844625069,11922,train,central
train-0194,train,194,0.0008300520928779408,0.005883263331914399,0.0055068586631984336,11923,train,central
train-0195,train,195,0.001102624375722992,0.004796750915419128,0.004583109875430624,11924,train,central
train-0196,train,196,0.001151316540233403,0.005092843885436758,0.0056498894473760615,11925,train,central
train-0197,train,197,0.0010987841185992181,0.005142186338390977,0.004394842649519847,11926,train,central
train-0198,train,198,0.0009680659861988624,0.005762848179412496,0.005632231186959013,11927,train,central
train-0199,train,199,0.0009257517899650297,0.005841358169935871,0.004387961059940735,11928,train,central
train-0200,train,200,0.0008749855590799846,0.005339458597021322,0.0044206006018730065,11929,train,central
train-0201,train,201,0.0010025000775145364,0.004135236343548284,0.00593885890643195,11930,train,central
train-0202,train,202,0.0008494089395217287,0.004788037489576338,0.004959600007029258,11931,train,central
train-0203,train,203,0.0010674375203407966,0.0042881226072288055,0.004649293092556751,11932,train,central
train-0204,train,204,0.0009998157898800778,0.004319394678676718,0.005172323280592611,11933,train,central
train-0205,train,205,0.001085839272234188,0.004835701891846891,0.004981576667184795,11934,train,central
train-0206,train,206,0.0009232798066570958,0.005855105277462992,0.005243705981378996,11935,train,central
train-0207,train,207,0.0008179897687346639,0.00585797104271371,0.004743905303805414,11936,train,central
train-0208,train,208,0.0009147571703644739,0.005128724188967395,0.004121197562857271,11937,train,central
train-0209,train,209,0.0011971632353729863,0.005433640786605076,0.0050062982619015015,11938,train,central
train-0210,train,210,0.0010808367520807477,0.0053110611991259654,0.004456102643744767,11939,train,central
train-0211,train,211,0.0010212782911169632,0.004185334262458325,0.005532096414785549,11940,train,central
train-0212,train,212,0.0011251429351689306,0.005878429546178355,0.0047545864058229515,11941,train,central
train-0213,train,213,0.0008021627318898067,0.004116655836018576,0.00475766347203482,11942,train,central
train-0214,train,214,0.0011505340443698124,0.004206474220629936,0.005054122896652828,11943,train,central
train-0215,train,215,0.0009486420912064764,0.005042194912769927,0.005630984079704124,11944,train,central
train-0216,train,216,0.001180323917225964,0.004046369541138581,0.005218781202318888,11945,train,central
train-0217,train,217,0.0011019072637354957,0.005552816837014175,0.004087488145632608,11946,train,central
train-0218,train,218,0.001003881624322465,0.004500794414759196,0.005032983420195743,11947,train,central
train-0219,train,219,0.001148493703893356,0.005696607081065093,0.005594755554474969,11948,train,central
train-0220,train,220,0.001092705272616424,0.0048233525299761285,0.004000548673357744,11949,train,central
train-0221,train,221,0.0011181855734048076,0.004891854266013004,0.004544965698646641,11950,train,central
train-0222,train,222,0.001166370333469707,0.005651542528790975,0.004017294702245499,11951,train,central
train-0223,train,223,0.0008940319323717804,0.004633441943100047,0.005879906207728841,11952,train,central
train-0224,train,224,0.0008777024257506982,0.0045653193913812165,0.00423685562290273,11953,train,central
train-0225,train,225,0.0008075249712626172,0.005264585666490923,0.004503254529401217,11954,train,central
train-0226,train,226,0.0011062803918457367,0.005330431297702921,0.004166625941951104,11955,train,central
train-0227,train,227,0.0011685572199385736,0.005008615140989603,0.005995921361433253,11956,train,central
train-0228,train,228,0.0008933122138530386,0.0056284686527369775,0.005824589253432971,11957,train,central
train-0229,train,229,0.000967047546150879,0.00457306171817758,0.005289549824915544,11958,train,central
train-0230,train,230,0.0009010372785284031,0.004930296541864703,0.005136852950970999,11959,train,central
train-0231,train,231,0.0009331256179532232,0.004660362411148273,0.005122412487755721,11960,train,central
train-0232,train,232,0.0009199548818206419,0.004412330828074321,0.005903816608993361,11961,train,central
train-0233,train,233,0.0010340850568720766,0.004197387442222287,0.005759974950039099,11962,train,central
train-0234,train,234,0.001016345229585494,0.0057798126725262175,0.005719121850539402,11963,train,central
train-0235,train,235,0.0010711425960127044,0.004299478163137764,0.005268806293024438,11964,train,central
train-0236,train,236,0.00112383911103007,0.004551432166428567,0.005251078510574643,11965,train,central
train-0237,train,237,0.001079515428591584,0.004426494319336708,0.004239232923395255,11966,train,central
train-0238,train,238,0.0011554038626203356,0.00557796231736162,0.00456475446703641,11967,train,central
train-0239,train,239,0.0011379163575544339,0.005741222330308095,0.005065661200942368,11968,train,central
train-0240,train,240,0.0010312710492827607,0.0054470452141449,0.004296344083523303,11969,train,central
train-0241,train,241,0.0009506759836410805,0.0054514120351699304,0.004385008485000532,11970,train,central
train-0242,train,242,0.0010942904167374464,0.004375634778216551,0.005104747106228558,11971,train,central
train-0243,train,243,0.0011958649040882488,0.005537604440106879,0.005947382237083201,11972,train,central
train-0244,train,244,0.0009706450210069961,0.0041563591287737175,0.0045887282806934,11973,train,central
train-0245,train,245,0.0009981373543142913,0.005788874690044129,0.0056148403868613115,11974,train,central
train-0246,train,246,0.0008415865910604784,0.005364496314193399,0.005884156258947925,11975,train,central
train-0247,train,247,0.0009601368965178309,0.005924085678214795,0.00554538784165495,11976,train,central
train-0248,train,248,0.0009875334582080857,0.004887036278509494,0.004221128149812549,11977,train,central
train-0249,train,249,0.000858023342737972,0.004033572375333493,0.005110929894612118,11978,train,central
train-0250,train,250,0.0008234665776344859,0.004223435485661015,0.005582408411544847,11979,train,central
train-0251,train,251,0.001047766477189144,0.004516755867097446,0.005677636755618704,11980,train,central
train-0252,train,252,0.0008334717413902529,0.004640058681339718,0.0043516905479472085,11981,train,central
train-0253,train,253,0.0010637401588881386,0.005146015535747858,0.004269246893044832,11982,train,central
train-0254,train,254,0.0011768271677769396,0.005443014322326951,0.005913019109055426,11983,train,central
train-0255,train,255,0.000903009404673123,0.004992623238226832,0.004902521611736894,11984,train,central
train-0256,train,256,0.000844316437072034,0.004002125752390776,0.00531369935785919,11985,train,central
train-0257,train,257,0.0009161619684922214,0.0056379300388358,0.00462563195091839,11986,train,central
train-0258,train,258,0.001075308705153466,0.0044040397161683184,0.004683418979082842,11987,train,central
train-0259,train,259,0.0008556059203229285,0.005717543404492017,0.00584399984727308,11988,train,central
train-0260,train,260,0.0011371332647902852,0.004306154601342479,0.00555468682666429,11989,train,central
train-0261,train,261,0.0011992919129326582,0.005013342968252326,0.00523156542805538,11990,train,central
train-0262,train,262,0.0008838175744318713,0.0044784289549900025,0.004806262995308977,11991,train,central
train-0263,train,263,0.0010553230977713764,0.005734713152533453,0.005497968805363286,11992,train,central
train-0264,train,264,0.0010325647156635123,0.0049185224507054,0.004933486786264237,11993,train,central
train-0265,train,265,0.000899357815539821,0.004484212290330175,0.004495111534627133,11994,train,central
train-0266,train,266,0.0011545170641531102,0.005260872995242118,0.00448819110486599,11995,train,central
train-0267,train,267,0.0010739493021964643,0.0057065737091162565,0.0055650408088537065,11996,train,central
train-0268,train,268,0.001040191578199933,0.005820096368017923,0.004253778459166262,11997,train,central
train-0269,train,269,0.0010950344976042603,0.004738188099572505,0.005640350961566969,11998,train,central
train-0270,train,270,0.0009096974005208929,0.005587654331078173,0.005084464843227688,11999,train,central
train-0271,train,271,0.000975707931173735,0.0040580616900812464,0.005438143658573896,12000,train,central
train-0272,train,272,0.0008547215429392774,0.004730675626452844,0.005965862917018073,12001,train,central
train-0273,train,273,0.0011722674919053791,0.005632006852663707,0.005380659129670069,12002,train,central
train-0274,train,274,0.0010353996705209701,0.005985747859325192,0.00488031745558716,12003,train,central
train-0275,train,275,0.0011349046002922553,0.004259221097102429,0.004457128531115391,12004,train,central
train-0276,train,276,0.0011690960608435228,0.005393669348038506,0.0041416903034710096,12005,train,central
train-0277,train,277,0.0009589106553574458,0.004971235201102777,0.004370738719173714,12006,train,central
train-0278,train,278,0.0011752678941983855,0.005293469681745952,0.005688420264523469,12007,train,central
train-0279,train,279,0.001023117726356534,0.005285657518791104,0.005183173606918031,12008,train,central
train-0280,train,280,0.0011038698896409568,0.005934012294072172,0.005488604906559113,12009,train,central
train-0281,train,281,0.001162065090967303,0.0057948299152562055,0.0046653121820055335,12010,train,central
train-0282,train,282,0.0008009023582703791,0.0048462283313236276,0.004077535595142769,12011,train,central
train-0283,train,283,0.0010302194946908674,0.004964362996629698,0.005042214936950659,12012,train,central
train-0284,train,284,0.0011457451051186999,0.00424825790170352,0.004148106773253648,12013,train,central
train-0285,train,285,0.0009789745066592082,0.004909461049779971,0.004020110370311024,12014,train,central
train-0286,train,286,0.0008026561658043541,0.005950964258952159,0.005204820545824223,12015,train,central
train-0287,train,287,0.0008922179690737481,0.005111196814367269,0.005142658760096243,12016,train,central
train-0288,train,288,0.000824585330079381,0.004668423996438796,0.004041569949509447,12017,train,central
train-0289,train,289,0.0009513765816221639,0.0056590115821165445,0.00526714370598377,12018,train,central
train-0290,train,290,0.0011910655698783358,0.005344222007582963,0.00544617802959553,12019,train,central
train-0291,train,291,0.0008728392204105638,0.005195746685687518,0.005416013348012057,12020,train,central
train-0292,train,292,0.0011104961360142178,0.004140153774864669,0.004330798498184693,12021,train,central
train-0293,train,293,0.0011918270961639597,0.004693819449124198,0.004069781526442543,12022,train,central
train-0294,train,294,0.0011799467718861438,0.004237044731601456,0.005651196982993406,12023,train,central
train-0295,train,295,0.0010821424149910826,0.0056808171562606515,0.005074799441926294,12024,train,central
train-0296,train,296,0.0008065444998302264,0.004101697887185678,0.00580475332089072,12025,train,central
train-0297,train,297,0.0010125383834317246,0.0047699822214767405,0.005422568527883438,12026,train,central
train-0298,train,298,0.0008281452854868136,0.004675195999367633,0.0047718181715482085,12027,train,central
train-0299,train,299,0.0010175022728784314,0.0049237351748507695,0.005030038341612162,12028,train,central
train-0300,train,300,0.0008861762049198149,0.004083848512812692,0.004551021121411421,12029,train,central
train-0301,train,301,0.0010983971414424705,0.005488639693249543,0.005404219131802339,12030,train,central
train-0302,train,302,0.0011464325989701844,0.005457538202762505,0.005307564764975408,12031,train,central
train-0303,train,303,0.00101523591259892,0.004956047497765207,0.004842874248117086,12032,train,central
train-0304,train,304,0.00093541407002561,0.005605331216999732,0.004911967864213162,12033,train,central
train-0305,train,305,0.0009207340166621865,0.005167788519994776,0.005785483276392653,12034,train,central
train-0306,train,306,0.0011283747908553425,0.00537298979879967,0.00525995917587979,12035,train,central
train-0307,train,307,0.0010768523236049537,0.004575557436161289,0.004864317557539041,12036,train,central
train-0308,train,308,0.000869442152806929,0.005971222450038167,0.0046514000005949815,12037,train,central
train-0309,train,309,0.0011443325852663055,0.005759585025725181,0.005794044439501665,12038,train,central
train-0310,train,310,0.0009746669584986805,0.00445803611063262,0.0044446669319278855,12039,train,central
train-0311,train,311,0.0008962453389737468,0.005272578182241706,0.004542179718948259,12040,train,central
train-0312,train,312,0.0008877691955757045,0.005079759140466803,0.004599386564907904,12041,train,central
train-0313,train,313,0.0008135329605503381,0.004671542633719177,0.004160724315849443,12042,train,central
train-0314,train,314,0.0010052160363604235,0.004017588064442607,0.005985217477309764,12043,train,central
train-0315,train,315,0.0009931471644830606,0.005201485409635653,0.005578601918789732,12044,train,central
train-0316,train,316,0.0010012622542386416,0.005904574983926156,0.005130147651092518,12045,train,central
train-0317,train,317,0.0009541702131274651,0.005517191537291281,0.004263423783989853,12046,train,central
train-0318,train,318,0.0009613347227643449,0.004176071628502014,0.005725643044681381,12047,train,central
train-0319,train,319,0.0008162881529980376,0.005173073673844334,0.0053948591069215785,12048,train,central
validation-0000,validation,0,0.0011014403737771505,0.005886168727967472,0.004964638125084682,21729,train,central
validation-0001,validation,1,0.0011363196043608155,0.005546269012077661,0.005205818605978724,21730,train,central
validation-0002,validation,2,0.0011691971726584534,0.004179267283274866,0.0057284773998293684,21731,train,central
validation-0003,validation,3,0.0010684990888908384,0.005966738375121128,0.0046166437420100325,21732,train,central
validation-0004,validation,4,0.0009369601452070303,0.005006836008387264,0.0053464883204131786,21733,train,central
validation-0005,validation,5,0.0009449777738193793,0.004134790405201423,0.0054482680042694,21734,train,central
validation-0006,validation,6,0.0011502203308996525,0.005670249147857797,0.00419177367647508,21735,train,central
validation-0007,validation,7,0.0010201703009090908,0.005095873242697578,0.005267969281555969,21736,train,central
validation-0008,validation,8,0.000803940586285889,0.00558806021208892,0.0057873845760709735,21737,train,central
validation-0009,validation,9,0.000862685773255264,0.0055214101359145635,0.005254154579308328,21738,train,central
validation-0010,validation,10,0.001005444911957321,0.0058608528908348795,0.004220363163838295,21739,train,central
validation-0011,validation,11,0.000952753162925251,0.005945288170068006,0.005379542462940413,21740,train,central
validation-0012,validation,12,0.0011885038167564436,0.005346472675147315,0.004856257330413379,21741,train,central
validation-0013,validation,13,0.0008914685764231058,0.004953145427240204,0.00430405452182555,21742,train,central
validation-0014,validation,14,0.0008214769697940751,0.005158848724214095,0.004377722469056017,21743,train,central
validation-0015,validation,15,0.001047304288676988,0.004352759315852599,0.0056128090274913615,21744,train,central
validation-0016,validation,16,0.0008365586031228379,0.0052279163373905296,0.004500931637590293,21745,train,central
validation-0017,validation,17,0.0010754467874904432,0.004221255662293114,0.005975598116803293,21746,train,central
validation-0018,validation,18,0.0010878924608804601,0.0047160876322098946,0.005853906487499779,21747,train,central
validation-0019,validation,19,0.00084196318360036,0.005255422330037248,0.004156966159715824,21748,train,central
validation-0020,validation,20,0.0010810641884695616,0.004086463825922733,0.005888111477356654,21749,train,central
validation-0021,validation,21,0.001183523153269874,0.004377473353710567,0.004467812687122794,21750,train,central
validation-0022,validation,22,0.0008146326540980457,0.005056301284594207,0.005102518318925736,21751,train,central
validation-0023,validation,23,0.0009126869190048312,0.004065064818868763,0.004116562473957265,21752,train,central
validation-0024,validation,24,0.0011459253068852589,0.0046815036992412795,0.005954721721868422,21753,train,central
validation-0025,validation,25,0.0009288567135322879,0.0045207786797400555,0.004537779185942048,21754,train,central
validation-0026,validation,26,0.001159043067145767,0.005623255637310725,0.004010704997450715,21755,train,central
validation-0027,validation,27,0.0011280763043418154,0.004238779813663152,0.004279709396410457,21756,train,central
validation-0028,validation,28,0.0008692922026599921,0.005926329768250954,0.005660507197653229,21757,train,central
validation-0029,validation,29,0.0010350599532700528,0.005635328778521071,0.005046252512418706,21758,train,central
validation-0030,validation,30,0.0010135283392149082,0.005474879789797807,0.0057548196687475465,21759,train,central
validation-0031,validation,31,0.001057088140478952,0.004119686575804615,0.0050327354273791945,21760,train,central
validation-0032,validation,32,0.0008978553035480552,0.005291967545004703,0.005311026189747607,21761,train,central
validation-0033,validation,33,0.001117083128634806,0.004826018672658307,0.005146541834048213,21762,train,central
validation-0034,validation,34,0.001044149018237577,0.00490046174499497,0.004911193718091736,21763,train,central
validation-0035,validation,35,0.0009037029137940395,0.004288268637558167,0.005418128162470038,21764,train,central
validation-0036,validation,36,0.0011738738227196144,0.005388052906133889,0.004360033638829251,21765,train,central
validation-0037,validation,37,0.0010095783424339691,0.005409073346455202,0.004640596774617654,21766,train,central
validation-0038,validation,38,0.0009978847836782218,0.004564510314199112,0.004681873693530627,21767,train,central
validation-0039,validation,39,0.0009874933617444403,0.004471108243599132,0.005808259768284415,21768,train,central
validation-0040,validation,40,0.0009552659241002389,0.004301257364920317,0.004875743092086703,21769,train,central
validation-0041,validation,41,0.0008782465049542751,0.005742263824446787,0.004083123312992458,21770,train,central
validation-0042,validation,42,0.0009799988897744825,0.005194275892655448,0.004041965691040946,21771,train,central
validation-0043,validation,43,0.000915534329767717,0.004657660374025359,0.004573271142685263,21772,train,central
validation-0044,validation,44,0.000832856300692419,0.004878746643629394,0.005909971269816982,21773,train,central
validation-0045,validation,45,0.001030170987610189,0.004596897900072069,0.005478715382190538,21774,train,central
validation-0046,validation,46,0.0009697043629196102,0.0051070286460282305,0.005168891480636775,21775,train,central
validation-0047,validation,47,0.0008802219259611707,0.00530275411606437,0.004411690652819491,21776,train,central
validation-0048,validation,48,0.000854392565387461,0.0057895239051244975,0.004818636456274638,21777,train,central
validation-0049,validation,49,0.00116325259767962,0.005460380305135172,0.004236270067510271,21778,train,central
validation-0050,validation,50,0.0011248516924375622,0.004016560529821249,0.004752748428478551,21779,train,central
validation-0051,validation,51,0.0010651257822290533,0.004865776815509962,0.004982086579827933,21780,train,central
validation-0052,validation,52,0.0008501339857699075,0.004770620266291779,0.005678649596482214,21781,train,central
validation-0053,validation,53,0.0009631078900065363,0.005824509532323925,0.005083768170637314,21782,train,central
validation-0054,validation,54,0.0011936339087600981,0.005706458453464526,0.00445624951711326,21783,train,central
validation-0055,validation,55,0.0011070068248085492,0.004618158018344315,0.005598202796565169,21784,train,central
validation-0056,validation,56,0.0010998576828536897,0.004756432737949358,0.00550013717811736,21785,train,central
validation-0057,validation,57,0.0009232185464192332,0.004993898619352938,0.005545842575767629,21786,train,central
validation-0058,validation,58,0.0009861468614205066,0.004439795477131114,0.00478610267425154,21787,train,central
validation-0059,validation,59,0.0008111166682654396,0.004426641796709111,0.004732693478526781,21788,train,central
id-0000,id,0,0.0010877566676968993,0.0057020657474717,0.00496090832815084,31729,train,central
id-0001,id,1,0.0010950213288747437,0.004396699147397044,0.00455464107227339,31730,train,central
id-0002,id,2,0.0008699315769310501,0.004807695866212848,0.004880638185857809,31731,train,central
id-0003,id,3,0.001124631464328757,0.005821448997554884,0.004267501727638806,31732,train,central
id-0004,id,4,0.0008108794439956814,0.004563393167999677,0.005027078377754616,31733,train,central
id-0005,id,5,0.001009395880237462,0.0046965179072482295,0.0056719575773873645,31734,train,central
id-0006,id,6,0.0011559770540662778,0.005888200450785636,0.005696778707420374,31735,train,central
id-0007,id,7,0.0011294454406994639,0.004776163999060594,0.004384126051068579,31736,train,central
id-0008,id,8,0.0010379674825084977,0.005089414350512331,0.00400510825455387,31737,train,central
id-0009,id,9,0.0011398077671367626,0.00411708858665046,0.004194384518624997,31738,train,central
id-0010,id,10,0.0008632654829721339,0.005055089116686853,0.0046373718146165005,31739,train,central
id-0011,id,11,0.0008244559590661951,0.005070843677191274,0.00482921727351612,31740,train,central
id-0012,id,12,0.0009918613465967159,0.004234479400203041,0.004058194974146405,31741,train,central
id-0013,id,13,0.000965540265486664,0.005448514741008544,0.004641730464637068,31742,train,central
id-0014,id,14,0.0008458471926703909,0.004877059206067647,0.00452270490109231,31743,train,central
id-0015,id,15,0.000901643790553152,0.004404493154848053,0.005418585071039465,31744,train,central
id-0016,id,16,0.000986875238917777,0.0045974062731329556,0.004074561946385555,31745,train,central
id-0017,id,17,0.001061196129496749,0.005391577439322011,0.004853166029964216,31746,train,central
id-0018,id,18,0.0010756995853015059,0.0049382613071108005,0.005769679838527343,31747,train,central
id-0019,id,19,0.0008199152642856762,0.005487311315501869,0.004319245797706288,31748,train,central
id-0020,id,20,0.0011751783289133768,0.005177095127091294,0.005813046075007416,31749,train,central
id-0021,id,21,0.00111585076700787,0.004440426729110855,0.004723363922732797,31750,train,central
id-0022,id,22,0.0011049116662698048,0.005273079348724518,0.004030448104958195,31751,train,central
id-0023,id,23,0.0008303757456521798,0.0043739849872874775,0.005609858734823102,31752,train,central
id-0024,id,24,0.0008048869118800124,0.004678987147431653,0.005844671913831562,31753,train,central
id-0025,id,25,0.0011709147835716645,0.005851337610862037,0.004324823262422517,31754,train,central
id-0026,id,26,0.0009728039316339628,0.004533901484035791,0.004689379595696854,31755,train,central
id-0027,id,27,0.0011785258034044625,0.0054276977830357885,0.005278930183296197,31756,train,central
id-0028,id,28,0.000894911917413132,0.0051957309878482094,0.004138810068649839,31757,train,central
id-0029,id,29,0.0011613650956190196,0.004636237573187022,0.004256385823293215,31758,train,central
id-0030,id,30,0.0009229015923770123,0.005661477491264845,0.005487138588755816,31759,train,central
id-0031,id,31,0.0008526002794949266,0.00597223325990749,0.005310134152780261,31760,train,central
id-0032,id,32,0.0010440676242994098,0.004017390423879522,0.005387566869791633,31761,train,central
id-0033,id,33,0.0011467833068197204,0.005224262134446876,0.005651486334145244,31762,train,central
id-0034,id,34,0.0008659189533982166,0.005300682259710639,0.004096472058627816,31763,train,central
id-0035,id,35,0.0008122598697687242,0.0050157955992201665,0.005231042617837141,31764,train,central
id-0036,id,36,0.00097112079906174,0.004895439632890951,0.004916349239129638,31765,train,central
id-0037,id,37,0.0009267610025742707,0.004342432000189552,0.005525898143256888,31766,train,central
id-0038,id,38,0.0010673239150981193,0.005146631599832131,0.004590373887993505,31767,train,central
id-0039,id,39,0.0010776531613553918,0.005748555326423801,0.004118960956362604,31768,train,central
id-0040,id,40,0.0009328287812561764,0.0049157268837423575,0.005757188002532484,31769,train,central
id-0041,id,41,0.0011484327762485884,0.004602233755645544,0.005574402312656818,31770,train,central
id-0042,id,42,0.0009040062017628463,0.00541192455197421,0.00508042550852212,31771,train,central
id-0043,id,43,0.001029496906491196,0.005374319645147785,0.005356439071845409,31772,train,central
id-0044,id,44,0.0009774336210407646,0.005925030922744472,0.0042347456090056825,31773,train,central
id-0045,id,45,0.0008764299882743592,0.0046493473589747855,0.005055187047745638,31774,train,central
id-0046,id,46,0.001015135105605853,0.004517217095688095,0.00586062969894474,31775,train,central
id-0047,id,47,0.0009293501751090801,0.004943776257630957,0.004860222416213606,31776,train,central
id-0048,id,48,0.0009392053603565818,0.005513789526242784,0.005454071626119086,31777,train,central
id-0049,id,49,0.0008735303209409233,0.004558435401007333,0.00579222790190524,31778,train,central
id-0050,id,50,0.001091649469611393,0.0054767132818112785,0.005378115303995035,31779,train,central
id-0051,id,51,0.0008377834170285548,0.005109702568727055,0.005592862972538654,31780,train,central
id-0052,id,52,0.0008854871316287076,0.005246605279368171,0.004710644372768231,31781,train,central
id-0053,id,53,0.0010358783980814988,0.004961909810115565,0.004778326174467919,31782,train,central
id-0054,id,54,0.0008221172815686723,0.005801512180240626,0.0059872111663331375,31783,train,central
id-0055,id,55,0.0011328914941119632,0.0056901260636066575,0.004350890352488879,31784,train,central
id-0056,id,56,0.0009421617070053405,0.004832478506699054,0.005978904282846299,31785,train,central
id-0057,id,57,0.0008483210696581081,0.005556053480947948,0.004930549077698515,31786,train,central
id-0058,id,58,0.0008802953651612425,0.004197636192763697,0.004611935139345557,31787,train,central
id-0059,id,59,0.001122960721695209,0.004745967827656921,0.005429011817307915,31788,train,central
id-0060,id,60,0.0009455114961991772,0.004255286967855661,0.0058936200489976805,31789,train,central
id-0061,id,61,0.00116535511492616,0.0042715888520410035,0.004803990717760992,31790,train,central
id-0062,id,62,0.0008897718513914983,0.00499758297313372,0.004403886258103201,31791,train,central
id-0063,id,63,0.001100577684790514,0.004139438457097081,0.004508050337613849,31792,train,central
id-0064,id,64,0.0011086551146298616,0.004312912612718873,0.005101605620249168,31793,train,central
id-0065,id,65,0.0009572085102246479,0.005787937999173534,0.004663738517184435,31794,train,central
id-0066,id,66,0.0009617569759510839,0.005949895848955287,0.0041518907323533265,31795,train,central
id-0067,id,67,0.0010812355396794004,0.005765970576006389,0.004478448216012135,31796,train,central
id-0068,id,68,0.0009181193570193754,0.005343994098561199,0.00532327596923365,31797,train,central
id-0069,id,69,0.0011972601931126339,0.00484133360817609,0.005186229697028991,31798,train,central
id-0070,id,70,0.001117566141484506,0.005287657555057526,0.005519205519854217,31799,train,central
id-0071,id,71,0.0008019658233295987,0.005531720415417276,0.0045622706786826155,31800,train,central
id-0072,id,72,0.0010183154049202038,0.005560739608891571,0.005254309605860734,31801,train,central
id-0073,id,73,0.001052368370125107,0.005024081495817865,0.00594477448801705,31802,train,central
id-0074,id,74,0.0010563573833936013,0.005730717398618199,0.005063489997789081,31803,train,central
id-0075,id,75,0.0010270448858982662,0.004726679708797899,0.005137465798793609,31804,train,central
id-0076,id,76,0.0011402083465164542,0.005903220617030429,0.005282910386289982,31805,train,central
id-0077,id,77,0.0009082436932262659,0.004205789490612022,0.004360217215016913,31806,train,central
id-0078,id,78,0.0011576063425410331,0.005588893366228306,0.004441374657922786,31807,train,central
id-0079,id,79,0.0009931913268622621,0.004431518036708066,0.005716445081058388,31808,train,central
id-0080,id,80,0.0010438505035607123,0.004335008227366614,0.005918881149660276,31809,train,central
id-0081,id,81,0.0008967193834473837,0.005213490978571227,0.0049529115890960314,31810,train,central
id-0082,id,82,0.0009508205838843944,0.0056197630455182696,0.005634715923441333,31811,train,central
id-0083,id,83,0.0010978256104604174,0.005989896781420378,0.004173048983105971,31812,train,central
id-0084,id,84,0.0010705542669421798,0.004164156612710508,0.004439232624898981,31813,train,central
id-0085,id,85,0.0011836432306725824,0.004086427859987829,0.0049814242462371035,31814,train,central
id-0086,id,86,0.001184736544087194,0.005622215574399089,0.005201039986843615,31815,train,central
id-0087,id,87,0.000857131379577208,0.004298182692615494,0.005934213036399298,31816,train,central
id-0088,id,88,0.0010000508405838661,0.004705450176906151,0.005001883016823524,31817,train,central
id-0089,id,89,0.0011931170188935454,0.0044903345950084,0.0044921162654212084,31818,train,central
id-0090,id,90,0.0009824647608850298,0.004475967189356279,0.005827579983258165,31819,train,central
id-0091,id,91,0.0009523916969470788,0.004044689134416792,0.0054705573741471065,31820,train,central
id-0092,id,92,0.0009143907539058652,0.005642056948834066,0.00514189739520196,31821,train,central
id-0093,id,93,0.0009970399099528313,0.00533699130468108,0.004747679789843718,31822,train,central
id-0094,id,94,0.001049227681678966,0.0041400199446112,0.00572992581727716,31823,train,central
id-0095,id,95,0.0010216889265024045,0.004065447605946033,0.004294406719797,31824,train,central
id-0096,id,96,0.001007346095981061,0.005128933495593206,0.004214196595916299,31825,train,central
id-0097,id,97,0.0008424859036326395,0.0047950916509004815,0.005544693702583123,31826,train,central
id-0098,id,98,0.0011911799602430445,0.004020813211064439,0.005168835650578343,31827,train,central
id-0099,id,99,0.000833320707927424,0.005875604211697133,0.0047859090070126046,31828,train,central
oodparam-0000,oodparam,0,0.000623495022550968,0.0030773591245090845,0.003091315373384959,41729,train,du_low__dv_low__k_low
oodparam-0001,oodparam,1,0.0007325438478693128,0.003003163310590942,0.003750705885688712,41730,train,du_low__dv_low__k_low
oodparam-0002,oodparam,2,0.0006630167974305795,0.0037647895140660676,0.0026814831567722416,41731,train,du_low__dv_low__k_low
oodparam-0003,oodparam,3,0.0006845476802175637,0.0036811517892432494,0.0027764671906607224,41732,train,du_low__dv_low__k_low
oodparam-0004,oodparam,4,0.0006304549437860498,0.00321199194913642,0.0034936832443091,41733,train,du_low__dv_low__k_low
oodparam-0005,oodparam,5,0.0006144828104421004,0.003465337692849716,0.0036266139803869685,41734,train,du_low__dv_low__k_low
oodparam-0006,oodparam,6,0.000698834474074034,0.0031282637091244016,0.003292646815727068,41735,train,du_low__dv_low__k_low
oodparam-0007,oodparam,7,0.0006781366981713458,0.0033722217722326393,0.0026135867484819064,41736,train,du_low__dv_low__k_low
oodparam-0008,oodparam,8,0.000729400396999241,0.003413072490869031,0.003647525146868574,41737,train,du_low__dv_low__k_low
oodparam-0009,oodparam,9,0.0007424827737353926,0.00374330241523987,0.0031651042582493674,41738,train,du_low__dv_low__k_low
oodparam-0010,oodparam,10,0.0006543744981741393,0.003580626083202612,0.003251775187633435,41739,train,du_low__dv_low__k_low
oodparam-0011,oodparam,11,0.0007116710262038684,0.003607675965491525,0.002548177996019282,41740,train,du_low__dv_low__k_low
oodparam-0012,oodparam,12,0.000709207108611784,0.0034923325347266092,0.002963951156469045,41741,train,du_low__dv_low__k_low
oodparam-0013,oodparam,13,0.0006422300723310408,0.0032236592816430147,0.0028868809186043238,41742,train,du_low__dv_low__k_low
oodparam-0014,oodparam,14,0.0006062044800177464,0.003313581649978932,0.0034061538629864972,41743,train,du_low__dv_low__k_low
oodparam-0015,oodparam,15,0.0006972476301779248,0.003006752402322252,0.006838051077216497,41744,train,du_low__dv_low__k_high
oodparam-0016,oodparam,16,0.0006414179363969654,0.0037244421600474724,0.007467963793510624,41745,train,du_low__dv_low__k_high
oodparam-0017,oodparam,17,0.0007323578829225694,0.0035322017146437778,0.006689585968487725,41746,train,du_low__dv_low__k_high
oodparam-0018,oodparam,18,0.0006248253417972426,0.0033942081184944154,0.006631538731194631,41747,train,du_low__dv_low__k_high
oodparam-0019,oodparam,19,0.0006844308827922681,0.0034464743533933763,0.007406244604459431,41748,train,du_low__dv_low__k_high
oodparam-0020,oodparam,20,0.0007128144606168008,0.0031292219489399125,0.00731732508654274,41749,train,du_low__dv_low__k_high
oodparam-0021,oodparam,21,0.000676167468173914,0.0036059508251181215,0.007150924480718379,41750,train,du_low__dv_low__k_high
oodparam-0022,oodparam,22,0.0007478711211781935,0.0030772596388893244,0.006982599941181776,41751,train,du_low__dv_low__k_high
oodparam-0023,oodparam,23,0.0006623715976683614,0.0032123921417830056,0.00719324171813442,41752,train,du_low__dv_low__k_high
oodparam-0024,oodparam,24,0.0007232229372287916,0.003248750128050641,0.006743185311760589,41753,train,du_low__dv_low__k_high
oodparam-0025,oodparam,25,0.0006150607214522091,0.003363658501863158,0.006903882432736811,41754,train,du_low__dv_low__k_high
oodparam-0026,oodparam,26,0.0006097813397124097,0.00355064467140063,0.006468198966484489,41755,train,du_low__dv_low__k_high
oodparam-0027,oodparam,27,0.0006316470475606536,0.003304394667423751,0.006349142946040309,41756,train,du_low__dv_low__k_high
oodparam-0028,oodparam,28,0.0006572646676420388,0.0037710336003440276,0.00637489195446971,41757,train,du_low__dv_low__k_high
oodparam-0029,oodparam,29,0.0007092410629410471,0.003644363353732898,0.006256842756603042,41758,train,du_low__dv_low__k_high
oodparam-0030,oodparam,30,0.0006506554734120669,0.006893195131922276,0.0030061371372449314,41759,train,du_low__dv_high__k_low
oodparam-0031,oodparam,31,0.0006441478671772326,0.00683423923899608,0.002726396437189885,41760,train,du_low__dv_high__k_low
oodparam-0032,oodparam,32,0.0006027206162200118,0.006653572928857231,0.003495158496099335,41761,train,du_low__dv_high__k_low
oodparam-0033,oodparam,33,0.0006808774337280628,0.006932059474178223,0.003051430679591874,41762,train,du_low__dv_high__k_low
oodparam-0034,oodparam,34,0.0006120937817706178,0.00676374291915618,0.00313623779046146,41763,train,du_low__dv_high__k_low
oodparam-0035,oodparam,35,0.0006317204713080743,0.00654008203072611,0.0036860904011209333,41764,train,du_low__dv_high__k_low
oodparam-0036,oodparam,36,0.0007019724380710427,0.006686867685618553,0.003344099975900419,41765,train,du_low__dv_high__k_low
oodparam-0037,oodparam,37,0.0007190817867937915,0.006229438085738489,0.0033941404539521752,41766,train,du_low__dv_high__k_low
oodparam-0038,oodparam,38,0.0006281095814202254,0.006262807638276658,0.0025761270854903306,41767,train,du_low__dv_high__k_low
oodparam-0039,oodparam,39,0.000723058051125151,0.006621083823020704,0.003215999789970566,41768,train,du_low__dv_high__k_low
oodparam-0040,oodparam,40,0.0007431616846258012,0.0064149727743063175,0.002660088323817515,41769,train,du_low__dv_high__k_low
oodparam-0041,oodparam,41,0.0006956243684908547,0.006491484085166166,0.003775235873032444,41770,train,du_low__dv_high__k_low
oodparam-0042,oodparam,42,0.0007355083863262039,0.006321880521583189,0.0027849030921966787,41771,train,du_low__dv_high__k_low
oodparam-0043,oodparam,43,0.000675731690572102,0.006979115824479748,0.003594660330270146,41772,train,du_low__dv_high__k_low
oodparam-0044,oodparam,44,0.0006629626461850305,0.006385082399122236,0.0029162712907029827,41773,train,du_low__dv_high__k_low
oodparam-0045,oodparam,45,0.0006277670347715324,0.006516025657634374,0.006816361939500125,41774,train,du_low__dv_high__k_high
oodparam-0046,oodparam,46,0.0006009883312813471,0.00622819141393895,0.00625679557323335,41775,train,du_low__dv_high__k_high
oodparam-0047,oodparam,47,0.0006671776236446672,0.006731374119722064,0.007095193419591771,41776,train,du_low__dv_high__k_high
oodparam-0048,oodparam,48,0.0006486326199552617,0.0064083186872645696,0.006485937759628788,41777,train,du_low__dv_high__k_high
oodparam-0049,oodparam,49,0.0006911007576864557,0.006734428644926952,0.006585188581407499,41778,train,du_low__dv_high__k_high
oodparam-0050,oodparam,50,0.0006591532417958531,0.00691334485610226,0.007448824152494546,41779,train,du_low__dv_high__k_high
oodparam-0051,oodparam,51,0.0007085284319108126,0.006958835901758276,0.006698222540662517,41780,train,du_low__dv_high__k_high
oodparam-0052,oodparam,52,0.0006874561278256855,0.0068704375497857465,0.0073693823769789835,41781,train,du_low__dv_high__k_high
oodparam-0053,oodparam,53,0.0006759400559876983,0.006544559895919663,0.0063377892137563546,41782,train,du_low__dv_high__k_high
oodparam-0054,oodparam,54,0.0007363290410326733,0.006262655887773241,0.006909660039838292,41783,train,du_low__dv_high__k_high
oodparam-0055,oodparam,55,0.0006336231554847865,0.006636619978839848,0.0063930466952277385,41784,train,du_low__dv_high__k_high
oodparam-0056,oodparam,56,0.0007265209878492173,0.006808335262212145,0.006803041711002331,41785,train,du_low__dv_high__k_high
oodparam-0057,oodparam,57,0.0007431232685201663,0.006427969717970705,0.007043795135313577,41786,train,du_low__dv_high__k_high
oodparam-0058,oodparam,58,0.0006183475342608847,0.006579158741920341,0.0072472852861497315,41787,train,du_low__dv_high__k_high
oodparam-0059,oodparam,59,0.0007134430923903439,0.006358803117678979,0.007228832589888882,41788,train,du_low__dv_high__k_high
oodparam-0060,oodparam,60,0.0012930008264804883,0.0033136122295418383,0.0033720936602377885,41789,train,du_high__dv_low__k_low
oodparam-0061,oodparam,61,0.0013514238725682577,0.00332924770014537,0.0037435998824398658,41790,train,du_high__dv_low__k_low
oodparam-0062,oodparam,62,0.0013051792832093876,0.003080254928595485,0.0026660895040450127,41791,train,du_high__dv_low__k_low
oodparam-0063,oodparam,63,0.0013197259297654657,0.0035232009471684216,0.0035993238223256873,41792,train,du_high__dv_low__k_low
oodparam-0064,oodparam,64,0.0013478323715963483,0.0035925318091843935,0.0030678023945318305,41793,train,du_high__dv_low__k_low
oodparam-0065,oodparam,65,0.0013245974512718205,0.003165508896096349,0.0027416754345397547,41794,train,du_high__dv_low__k_low
oodparam-0066,oodparam,66,0.0013789838848533031,0.0032181192862655358,0.0034983119480417723,41795,train,du_high__dv_low__k_low
oodparam-0067,oodparam,67,0.0013814936543796383,0.003571651040862159,0.002816863932184835,41796,train,du_high__dv_low__k_low
oodparam-0068,oodparam,68,0.0013960739247796702,0.003400313148065251,0.0030094410409043405,41797,train,du_high__dv_low__k_low
oodparam-0069,oodparam,69,0.001268130756918138,0.0030287976069481074,0.0031992321293638584,41798,train,du_high__dv_low__k_low
oodparam-0070,oodparam,70,0.0012776643406062136,0.003699225494201367,0.003282952605758573,41799,train,du_high__dv_low__k_low
oodparam-0071,oodparam,71,0.0013654605043820624,0.0034540407625889796,0.002564226753352662,41800,train,du_high__dv_low__k_low
oodparam-0072,oodparam,72,0.0012546123865124813,0.0036733500154022894,0.0028941161859186255,41801,train,du_high__dv_low__k_low
oodparam-0073,oodparam,73,0.001337843541573002,0.0037580512967600216,0.003677346729522438,41802,train,du_high__dv_low__k_low
oodparam-0074,oodparam,74,0.0012836699840600126,0.0031124262690400565,0.003148152288677266,41803,train,du_high__dv_low__k_low
oodparam-0075,oodparam,75,0.0013218085088900072,0.0030383922352541647,0.006392963845523822,41804,train,du_high__dv_low__k_high
oodparam-0076,oodparam,76,0.0012586926698741926,0.0032981916111894933,0.007088648964578119,41805,train,du_high__dv_low__k_high
oodparam-0077,oodparam,77,0.0013753062671114245,0.0037009843024748655,0.0070597756679902654,41806,train,du_high__dv_low__k_high
oodparam-0078,oodparam,78,0.0013559244971072149,0.0032566816238423337,0.006463125897575596,41807,train,du_high__dv_low__k_high
oodparam-0079,oodparam,79,0.0013604121647428833,0.0030727320132709836,0.00745445162842839,41808,train,du_high__dv_low__k_high
oodparam-0080,oodparam,80,0.0013954321580955604,0.0034834108811439054,0.007341896063468339,41809,train,du_high__dv_low__k_high
oodparam-0081,oodparam,81,0.0013011036451423285,0.0037985491808282105,0.007295226336429847,41810,train,du_high__dv_low__k_high
oodparam-0082,oodparam,82,0.0013304299514858686,0.0036434705376877548,0.007220507791134371,41811,train,du_high__dv_low__k_high
oodparam-0083,oodparam,83,0.0012640734403827102,0.003133676535871484,0.006699895568644454,41812,train,du_high__dv_low__k_high
oodparam-0084,oodparam,84,0.0013174982303361777,0.003558806085701819,0.00626234551205667,41813,train,du_high__dv_low__k_high
oodparam-0085,oodparam,85,0.0013417147891923854,0.0034484310682763144,0.006754032850192269,41814,train,du_high__dv_low__k_high
oodparam-0086,oodparam,86,0.001288657008616548,0.003351271602818004,0.006624333651257756,41815,train,du_high__dv_low__k_high
oodparam-0087,oodparam,87,0.0012942923866768104,0.003212765596176753,0.006897951533561685,41816,train,du_high__dv_low__k_high
oodparam-0088,oodparam,88,0.001381274958950825,0.00337721790728536,0.00629374035544691,41817,train,du_high__dv_low__k_high
oodparam-0089,oodparam,89,0.0012782849625560886,0.0036011451736568394,0.006863199345358725,41818,train,du_high__dv_low__k_high
oodparam-0090,oodparam,90,0.0013831747343710002,0.006649214853899711,0.0031271765774953954,41819,train,du_high__dv_high__k_low
oodparam-0091,oodparam,91,0.001365501511099711,0.006208388092091583,0.0036854909465636396,41820,train,du_high__dv_high__k_low
oodparam-0092,oodparam,92,0.001292571917420424,0.006727053776671173,0.0026822423751831762,41821,train,du_high__dv_high__k_low
oodparam-0093,oodparam,93,0.001327004770498173,0.006770340665824278,0.002765661143468455,41822,train,du_high__dv_high__k_low
oodparam-0094,oodparam,94,0.0012688279469146007,0.006467517567643219,0.003298153942684284,41823,train,du_high__dv_high__k_low
oodparam-0095,oodparam,95,0.0013375165524355808,0.006584338531727078,0.0037631714583130377,41824,train,du_high__dv_high__k_low
oodparam-0096,oodparam,96,0.0013584854651482426,0.00643518263127943,0.003062053346888931,41825,train,du_high__dv_high__k_low
oodparam-0097,oodparam,97,0.0012897793555798108,0.006909159494680629,0.0035925295091761454,41826,train,du_high__dv_high__k_low
oodparam-0098,oodparam,98,0.001311169226953771,0.0069632597843160135,0.0025983054444546298,41827,train,du_high__dv_high__k_low
oodparam-0099,oodparam,99,0.0013769912875176637,0.006264651925504984,0.003518864073041219,41828,train,du_high__dv_high__k_low
oodparam-0100,oodparam,100,0.0013460228282362234,0.006832787700435029,0.003228509474345993,41829,train,du_high__dv_high__k_low
oodparam-0101,oodparam,101,0.0013097440714771684,0.006530479197596849,0.0029510653786777507,41830,train,du_high__dv_high__k_low
oodparam-0102,oodparam,102,0.0013912620505846535,0.0068401245913606665,0.002510549817627308,41831,train,du_high__dv_high__k_low
oodparam-0103,oodparam,103,0.0012508002050447408,0.006377624285672695,0.0028749876076459534,41832,train,du_high__dv_high__k_low
oodparam-0104,oodparam,104,0.0012762746057662822,0.00631198779059195,0.003433630078760008,41833,train,du_high__dv_high__k_low
oodparam-0105,oodparam,105,0.0013440265297610628,0.006283458310704484,0.007314999855160597,41834,train,du_high__dv_high__k_high
oodparam-0106,oodparam,106,0.0013006131664316703,0.006812481055381545,0.006315553083810114,41835,train,du_high__dv_high__k_high
oodparam-0107,oodparam,107,0.0012877601889616916,0.006974133075072097,0.00748596366201793,41836,train,du_high__dv_high__k_high
oodparam-0108,oodparam,108,0.0013720021138510525,0.006233258040966795,0.006260891514616308,41837,train,du_high__dv_high__k_high
oodparam-0109,oodparam,109,0.0013872939300133683,0.006780318450234991,0.007169618761979725,41838,train,du_high__dv_high__k_high
oodparam-0110,oodparam,110,0.001298068114757164,0.006402492206544607,0.006739321447633253,41839,train,du_high__dv_high__k_high
oodparam-0111,oodparam,111,0.0012721231819606386,0.006548493410219978,0.007025917864003009,41840,train,du_high__dv_high__k_high
oodparam-0112,oodparam,112,0.0013630479468855238,0.006708280827977344,0.0073585713964517616,41841,train,du_high__dv_high__k_high
oodparam-0113,oodparam,113,0.0013271539754821783,0.006457227166624039,0.00664333738496221,41842,train,du_high__dv_high__k_high
oodparam-0114,oodparam,114,0.0013975055120645816,0.006358266885372403,0.006908213670691391,41843,train,du_high__dv_high__k_high
oodparam-0115,oodparam,115,0.0013114070228142927,0.006848887277301634,0.006623835135838003,41844,train,du_high__dv_high__k_high
oodparam-0116,oodparam,116,0.001335702473689144,0.00661542309472845,0.007112613589303489,41845,train,du_high__dv_high__k_high
oodparam-0117,oodparam,117,0.0012607157746250225,0.006633309014978924,0.006882784426451085,41846,train,du_high__dv_high__k_high
oodparam-0118,oodparam,118,0.0013589459326295108,0.006927815565248795,0.00650036047109555,41847,train,du_high__dv_high__k_high
oodparam-0119,oodparam,119,0.0012542570446728372,0.006512998446748154,0.0064271049284036035,41848,train,du_high__dv_high__k_high
oodic-0000,oodic,0,0.0011322084383153797,0.004322036272742423,0.0041595402526925064,51729,ood,central
oodic-0001,oodic,1,0.0008912175507501016,0.005003618251710048,0.004880547423490405,51730,ood,central
oodic-0002,oodic,2,0.0008751383188492102,0.004274251551848498,0.005656159429175096,51731,ood,central
oodic-0003,oodic,3,0.0010725648350170729,0.00575043088196945,0.005568222639602148,51732,ood,central
oodic-0004,oodic,4,0.0010556552931663542,0.005388558154118116,0.004510207050242121,51733,ood,central
oodic-0005,oodic,5,0.0010411697723010295,0.005794772537418187,0.00434842515315938,51734,ood,central
oodic-0006,oodic,6,0.0009000821873837411,0.005079249215426922,0.004970409583249394,51735,ood,central
oodic-0007,oodic,7,0.0011704039015741005,0.00467037030659807,0.005193892310752971,51736,ood,central
oodic-0008,oodic,8,0.0008468559078185279,0.005739247215441584,0.004241340489894125,51737,ood,central
oodic-0009,oodic,9,0.0010908576328874703,0.005921680430220044,0.004020158456088031,51738,ood,central
oodic-0010,oodic,10,0.0011899843581804155,0.005577259848147383,0.004270118098750951,51739,ood,central
oodic-0011,oodic,11,0.0008816263442982349,0.004435771959327163,0.005892563898738886,51740,ood,central
oodic-0012,oodic,12,0.0008450315671451762,0.005448416642139862,0.004175445635924594,51741,ood,central
oodic-0013,oodic,13,0.0009066359984226691,0.004854770334020353,0.0045288655466035836,51742,ood,central
oodic-0014,oodic,14,0.001103785699929708,0.004623146027808674,0.0050329902849770985,51743,ood,central
oodic-0015,oodic,15,0.0009295847962407717,0.0045575727190265355,0.004678758324364378,51744,ood,central
oodic-0016,oodic,16,0.0010577062874852672,0.005691720279864594,0.005862780615396928,51745,ood,central
oodic-0017,oodic,17,0.0011634224049886822,0.0040077354116191035,0.004038461532042863,51746,ood,central
oodic-0018,oodic,18,0.0011972171840333224,0.004488605899549596,0.005090784783183035,51747,ood,central
oodic-0019,oodic,19,0.0011571122920333208,0.005614095083988662,0.004851084161650032,51748,ood,central
oodic-0020,oodic,20,0.0008408440674533311,0.005477429456023007,0.0045671145976513994,51749,ood,central
oodic-0021,oodic,21,0.0008622782100983427,0.004894854415622694,0.004592140083427174,51750,ood,central
oodic-0022,oodic,22,0.0010789292347838915,0.0056718766956052975,0.004113052141453602,51751,ood,central
oodic-0023,oodic,23,0.0008680762797193071,0.005285203119112156,0.005717700798368169,51752,ood,central
oodic-0024,oodic,24,0.0011387123503886114,0.005111765130805499,0.0051285371577222075,51753,ood,central
oodic-0025,oodic,25,0.0008976692969916726,0.004368949233937498,0.004127194411571702,51754,ood,central
oodic-0026,oodic,26,0.0008103160165042656,0.004959762082924196,0.005173197401453207,51755,ood,central
oodic-0027,oodic,27,0.0009487985223744915,0.005876026442802086,0.005968701867181235,51756,ood,central
oodic-0028,oodic,28,0.000995316404406999,0.004696082894291703,0.005649465538839982,51757,ood,central
oodic-0029,oodic,29,0.0009675238329769876,0.004056965265553588,0.0059045350123412025,51758,ood,central
oodic-0030,oodic,30,0.001141987711136324,0.005535063358536632,0.00453620466856118,51759,ood,central
oodic-0031,oodic,31,0.0010308363558915192,0.005811543727499984,0.00449718441069829,51760,ood,central
oodic-0032,oodic,32,0.0008962212865984946,0.004238407329973569,0.004828196758800336,51761,ood,central
oodic-0033,oodic,33,0.0009330538982328456,0.004261180427624217,0.004953775440220491,51762,ood,central
oodic-0034,oodic,34,0.0009886097698281848,0.004095622431190823,0.004790005809740013,51763,ood,central
oodic-0035,oodic,35,0.0008511974913830251,0.005279925038160939,0.005209379551566429,51764,ood,central
oodic-0036,oodic,36,0.0008219694455421429,0.005903128696095683,0.004557659017488722,51765,ood,central
oodic-0037,oodic,37,0.0010808046700706265,0.004566941392397622,0.004708164306628672,51766,ood,central
oodic-0038,oodic,38,0.000838608046092391,0.004871149819525697,0.0058350970530373445,51767,ood,central
oodic-0039,oodic,39,0.0011744998149175458,0.0048353257251855354,0.004767361104732304,51768,ood,central
oodic-0040,oodic,40,0.0008255033915466396,0.0051300511243177575,0.0047190758758115505,51769,ood,central
oodic-0041,oodic,41,0.0011776589575352822,0.00508947646661723,0.005948063793927912,51770,ood,central
oodic-0042,oodic,42,0.0011862118330004028,0.00577584317067475,0.00419510929359665,51771,ood,central
oodic-0043,oodic,43,0.0009342217336929765,0.005501985856449997,0.004601773044147009,51772,ood,central
oodic-0044,oodic,44,0.001009195112050367,0.005817894251220805,0.004287083826961237,51773,ood,central
oodic-0045,oodic,45,0.000817053511038404,0.004131117295539392,0.005327786163107154,51774,ood,central
oodic-0046,oodic,46,0.0010511087769443862,0.004804749345322882,0.004142443978574583,51775,ood,central
oodic-0047,oodic,47,0.0009202208906325571,0.005718769448420658,0.004699602438539095,51776,ood,central
oodic-0048,oodic,48,0.0009708892779269521,0.005895512865865631,0.005872104345540262,51777,ood,central
oodic-0049,oodic,49,0.000951720663453801,0.004972079863742497,0.005684937637312234,51778,ood,central
oodic-0050,oodic,50,0.001096028602896773,0.00494767052166425,0.005759970902090098,51779,ood,central
oodic-0051,oodic,51,0.0011808933006753242,0.004157218268544496,0.004937136570264804,51780,ood,central
oodic-0052,oodic,52,0.0010014526623612393,0.005585236498026793,0.00500103471527426,51781,ood,central
oodic-0053,oodic,53,0.0009399470762837634,0.0041680134868718076,0.00526068415388726,51782,ood,central
oodic-0054,oodic,54,0.0008279251475442679,0.005852906654736192,0.005958529246135665,51783,ood,central
oodic-0055,oodic,55,0.00109831244740787,0.004723235105450764,0.004307497760376832,51784,ood,central
oodic-0056,oodic,56,0.0011900593381115212,0.004454676966570906,0.00504740217715299,51785,ood,central
oodic-0057,oodic,57,0.00114975196177655,0.00431102074215136,0.00547801985085272,51786,ood,central
oodic-0058,oodic,58,0.0009799864421703708,0.005404900366105711,0.0058027609616307175,51787,ood,central
oodic-0059,oodic,59,0.0010115829157331384,0.004543085367538243,0.005051139829812946,51788,ood,central
oodic-0060,oodic,60,0.0011459558732710446,0.004190742478793582,0.0054530077967486325,51789,ood,central
oodic-0061,oodic,61,0.0008783082844844931,0.005492561734577607,0.004431560588817519,51790,ood,central
oodic-0062,oodic,62,0.0008089094127933003,0.005345552747967766,0.005291285101566988,51791,ood,central
oodic-0063,oodic,63,0.0009160042698493338,0.004148380629703442,0.004399231452405747,51792,ood,central
oodic-0064,oodic,64,0.0008709300713319478,0.0047747750855209135,0.004265161784479994,51793,ood,central
oodic-0065,oodic,65,0.0009929813404523616,0.004927722192650423,0.005305240198784202,51794,ood,central
oodic-0066,oodic,66,0.0009263275279674496,0.005188275496155835,0.005521780889026521,51795,ood,central
oodic-0067,oodic,67,0.0008577566015383869,0.004635110104969458,0.0055098538664980455,51796,ood,central
oodic-0068,oodic,68,0.0010625885569893814,0.005302175719335011,0.0042221308469947965,51797,ood,central
oodic-0069,oodic,69,0.00111716200187441,0.0047845280979324474,0.004756289266823173,51798,ood,central
oodic-0070,oodic,70,0.0009804175457632318,0.005840181162745228,0.004645554350105347,51799,ood,central
oodic-0071,oodic,71,0.0011135292682526643,0.005022926182117472,0.00573611571783841,51800,ood,central
oodic-0072,oodic,72,0.0010064831892080584,0.005980599968421903,0.004997648904689103,51801,ood,central
oodic-0073,oodic,73,0.0011207887347105246,0.004022951094120243,0.005998385887767847,51802,ood,central
oodic-0074,oodic,74,0.0009439809775891766,0.004418704003904549,0.005791121008166648,51803,ood,central
oodic-0075,oodic,75,0.0011354953254214492,0.005215795733732394,0.005279515737522524,51804,ood,central
oodic-0076,oodic,76,0.0011632861184512143,0.005329255294259611,0.004812944262472421,51805,ood,central
oodic-0077,oodic,77,0.0008139737607650331,0.00516380366404604,0.005614570029609914,51806,ood,central
oodic-0078,oodic,78,0.0010862580129205436,0.005934728824583133,0.004326940068520339,51807,ood,central
oodic-0079,oodic,79,0.0009734749312472536,0.0047157244267363885,0.005100814804070406,51808,ood,central
oodic-0080,oodic,80,0.0009858661885903152,0.0043866785645799945,0.005925479019164926,51809,ood,central
oodic-0081,oodic,81,0.0009108243427727135,0.005236365367161188,0.004914245586821172,51810,ood,central
oodic-0082,oodic,82,0.0008017730557477784,0.004606922539991922,0.005397129351118593,51811,ood,central
oodic-0083,oodic,83,0.0010750819525951877,0.004589420957785673,0.00548465991958695,51812,ood,central
oodic-0084,oodic,84,0.0009995613188676508,0.005148036973683018,0.005221767085646869,51813,ood,central
oodic-0085,oodic,85,0.0011674680181731599,0.005458492196493904,0.004460453814315073,51814,ood,central
oodic-0086,oodic,86,0.0008852854688816884,0.005661918301367924,0.0048968535118612735,51815,ood,central
oodic-0087,oodic,87,0.0009405581218814615,0.004230371662723966,0.004466821708491274,51816,ood,central
oodic-0088,oodic,88,0.0011099305778282454,0.004501579419541889,0.004663702458081443,51817,ood,central
oodic-0089,oodic,89,0.0008330496750734682,0.005529378540398021,0.0053385140302841475,51818,ood,central
oodic-0090,oodic,90,0.0011960114874124427,0.005169390146851995,0.005137781794568202,51819,ood,central
oodic-0091,oodic,91,0.0009170012358022456,0.004073403099119115,0.004351793747506642,51820,ood,central
oodic-0092,oodic,92,0.0009610144077690882,0.005950184162945416,0.004216190341260475,51821,ood,central
oodic-0093,oodic,93,0.0009662547652029407,0.004116109637131376,0.004405720318406814,51822,ood,central
oodic-0094,oodic,94,0.0009535082682105439,0.00536641541626001,0.004733735652756,51823,ood,central
oodic-0095,oodic,95,0.0010672012397907663,0.004991226319397417,0.004445834677903808,51824,ood,central
oodic-0096,oodic,96,0.001128098874889789,0.004348665913859924,0.004844154415975642,51825,ood,central
oodic-0097,oodic,97,0.0008342876593895624,0.00441230649708267,0.004928446922842383,51826,ood,central
oodic-0098,oodic,98,0.0010868583897493322,0.0043665851774678174,0.004378960336703891,51827,ood,central
oodic-0099,oodic,99,0.0008884385988554243,0.00570381341888676,0.005356450574934864,51828,ood,central
oodic-0100,oodic,100,0.001029493230971645,0.005556390285346558,0.0040815089412695555,51829,ood,central
oodic-0101,oodic,101,0.0008642192163011324,0.005262219378041348,0.004003023891126302,51830,ood,central
oodic-0102,oodic,102,0.0010488704190924026,0.00404660469663456,0.0040930353467302704,51831,ood,central
oodic-0103,oodic,103,0.0010175490968720921,0.004206122621286318,0.005238477603455487,51832,ood,central
oodic-0104,oodic,104,0.0011011441786875425,0.005419455778639989,0.0055631868809788,51833,ood,central
oodic-0105,oodic,105,0.0011242839763165675,0.00476098557148752,0.00541268483733257,51834,ood,central
oodic-0106,oodic,106,0.001066032234545155,0.005219623304602729,0.005372417459765204,51835,ood,central
oodic-0107,oodic,107,0.001034963872555435,0.005053485011291688,0.005824410799023075,51836,ood,central
oodic-0108,oodic,108,0.0010152134862091435,0.004297197847935001,0.005627810943308623,51837,ood,central
oodic-0109,oodic,109,0.0009088086424390802,0.0056321391877485315,0.00405140096121439,51838,ood,central
oodic-0110,oodic,110,0.0011125459313636845,0.005997582985258829,0.005074377451250844,51839,ood,central
oodic-0111,oodic,111,0.0011500843396338176,0.004743585980908962,0.005539853193525474,51840,ood,central
oodic-0112,oodic,112,0.0010217840880313138,0.004516959322874209,0.00567868350121549,51841,ood,central
oodic-0113,oodic,113,0.0008548597443412617,0.005645603994076125,0.005586802293178603,51842,ood,central
oodic-0114,oodic,114,0.00104502215581356,0.005376373289151453,0.005157979895961733,51843,ood,central
oodic-0115,oodic,115,0.0008054380218900858,0.00482953226680996,0.005769576529925534,51844,ood,central
oodic-0116,oodic,116,0.0009567112503991108,0.004467390153274188,0.004631750994255354,51845,ood,central
oodic-0117,oodic,117,0.0010264810753209943,0.004656551886398963,0.005712026869043388,51846,ood,central
oodic-0118,oodic,118,0.0011545688468370622,0.005043251156820889,0.005424175433894755,51847,ood,central
oodic-0119,oodic,119,0.0010374881702066737,0.004906456016136722,0.0054416632480879384,51848,ood,central
