optimizer_steps,loss,physical_velocity_mse,spectral_relative_error,velocity_nrmse,velocity_nrmse_u,velocity_nrmse_v,gradient_norm,rollout_nrmse,final_rollout_nrmse,boundary_normal_mse,stable
0.0,105.5147705078125,0.08380180597305298,132.69302368164062,5.872625827789307,5.988457202911377,5.734675407409668,nan,nan,nan,nan,1.0
100.0,0.3085755705833435,0.07910901308059692,0.2956364154815674,0.3029978573322296,0.29745519161224365,0.31585219502449036,13.673643112182617,nan,nan,nan,1.0
200.0,0.13935010135173798,0.040546245872974396,0.13332299888134003,0.14060735702514648,0.13448737561702728,0.14947283267974854,10.474771499633789,nan,nan,nan,1.0
300.0,0.04687182605266571,0.010011420585215092,0.04181988164782524,0.1745581179857254,0.15228357911109924,0.17392279207706451,6.542230129241943,nan,nan,nan,1.0
400.0,0.014565872959792614,0.0036066961474716663,0.007866437546908855,0.08850277215242386,0.07713402807712555,0.09846218675374985,7.048742294311523,nan,nan,nan,1.0
500.0,0.013108598068356514,0.002178339986130595,0.008129334077239037,0.09555183351039886,0.1046300008893013,0.09240808337926865,10.59000301361084,nan,nan,nan,1.0
600.0,0.00821731798350811,0.0015846015885472298,0.003565758466720581,0.07584546506404877,0.07429591566324234,0.06970279663801193,7.923567295074463,nan,nan,nan,1.0
700.0,0.007338495925068855,0.0012302801478654146,0.003617730224505067,0.07552013546228409,0.08518653362989426,0.056796181946992874,8.669153213500977,nan,nan,nan,1.0
800.0,0.006402027793228626,0.0009967406513169408,0.0033370917662978172,0.07295738160610199,0.08401989191770554,0.053082313388586044,8.470189094543457,nan,nan,nan,1.0
900.0,0.010554683394730091,0.0008007754804566503,0.009640361182391644,0.08228030055761337,0.1113252267241478,0.0685034915804863,13.065625190734863,nan,nan,nan,1.0
1000.0,0.006864780560135841,0.0006436127005144954,0.005500590894371271,0.07806161046028137,0.10085716098546982,0.0463876836001873,4.387379169464111,nan,nan,nan,1.0
1100.0,0.011967416852712631,0.0005425543640740216,0.012525451369583607,0.08291119337081909,0.11130999773740768,0.059487272053956985,9.484845161437988,nan,nan,nan,1.0
1200.0,0.008103543892502785,0.00048325187526643276,0.007450616918504238,0.07059038430452347,0.08865376561880112,0.06602050364017487,17.376110076904297,nan,nan,nan,1.0
1300.0,0.006837343797087669,0.00042914284858852625,0.006429624278098345,0.06764047592878342,0.0837712287902832,0.048337943851947784,8.16344165802002,nan,nan,nan,1.0
1400.0,0.009888063184916973,0.00039671745616942644,0.010370993986725807,0.0724773183465004,0.09795548021793365,0.05162692815065384,9.111696243286133,nan,nan,nan,1.0
1500.0,0.004510912112891674,0.0003458956489339471,0.0036989040672779083,0.052753034979104996,0.04930949956178665,0.052494268864393234,8.550898551940918,nan,nan,nan,1.0
1600.0,0.002250006189569831,0.00030513532692566514,0.0012194239534437656,0.04091177508234978,0.03508668765425682,0.04659281671047211,6.216906547546387,nan,nan,nan,1.0
1700.0,0.003695485182106495,0.000276379898423329,0.0032049110159277916,0.05195572227239609,0.036041803658008575,0.055577296763658524,7.491846084594727,nan,nan,nan,1.0
1800.0,0.0029552546329796314,0.00024069104983936995,0.002439274452626705,0.05001268908381462,0.04279186576604843,0.04907973110675812,6.562808990478516,nan,nan,nan,1.0
1900.0,0.003490202594548464,0.00021179865871090442,0.003274697344750166,0.048175148665905,0.05296565964818001,0.0472499318420887,4.922316551208496,nan,nan,nan,1.0
2000.0,0.002819497836753726,0.0001866621314547956,0.0025460037868469954,0.04437853768467903,0.05553228780627251,0.041087351739406586,5.480541229248047,nan,nan,nan,1.0
2100.0,0.002475820481777191,0.00016504951054230332,0.002220116788521409,0.04098367691040039,0.05095650255680084,0.03931218758225441,5.638232707977295,nan,nan,nan,1.0
2200.0,0.002156950533390045,0.00014612311497330666,0.0019162637181580067,0.037922415882349014,0.02851947396993637,0.04123229160904884,5.760926723480225,nan,nan,nan,1.0
2300.0,0.0012906143674626946,0.00012883312592748553,0.0009001408470794559,0.033139392733573914,0.021838989108800888,0.03365100547671318,7.200281143188477,nan,nan,nan,1.0
2400.0,0.0020873136818408966,0.00011349408305250108,0.001995234750211239,0.03479567542672157,0.0221732035279274,0.0425298772752285,4.7884907722473145,nan,nan,nan,1.0
2500.0,0.0009640875505283475,0.0001003627767204307,0.0006350042531266809,0.02884327992796898,0.01907525770366192,0.029247500002384186,7.018017768859863,nan,nan,nan,1.0
2600.0,0.0048742955550551414,0.00011173578968737274,0.004620962776243687,0.07247968763113022,0.06712615489959717,0.07759679108858109,5.791277885437012,nan,nan,nan,1.0
2700.0,0.0028913754504173994,8.949361654231325e-05,0.003100579371675849,0.033971577882766724,0.05575595051050186,0.023616811260581017,7.920034885406494,nan,nan,nan,1.0
2800.0,0.0009861865546554327,8.062321285251528e-05,0.0007499296916648746,0.026276960968971252,0.039436738938093185,0.021191708743572235,4.33497953414917,nan,nan,nan,1.0
2900.0,0.0013239216059446335,7.356506830547005e-05,0.0012260437943041325,0.027789834886789322,0.044180214405059814,0.0212412029504776,5.282814979553223,nan,nan,nan,1.0
3000.0,0.0014249933883547783,6.75057599437423e-05,0.0013929769629612565,0.028617311269044876,0.046778604388237,0.020044490694999695,5.548836708068848,nan,nan,nan,1.0
3100.0,0.0013610789319500327,6.209613638930023e-05,0.001342632109299302,0.027842653915286064,0.04513593390583992,0.0189653467386961,5.398012638092041,nan,nan,nan,1.0
3200.0,0.011622833088040352,6.227980338735506e-05,0.013195796869695187,0.026777194812893867,0.03328123316168785,0.03087352216243744,7.658405780792236,nan,nan,nan,1.0
3300.0,0.004050258081406355,5.37660343979951e-05,0.004790059756487608,0.038120947778224945,0.05100179463624954,0.022111324593424797,5.443832874298096,nan,nan,nan,1.0
3400.0,0.007269915658980608,7.13666231604293e-05,0.008124757558107376,0.08475923538208008,0.0838904082775116,0.07475645840167999,14.732597351074219,nan,nan,nan,1.0
3500.0,0.004398064687848091,4.958935460308567e-05,0.005297915078699589,0.0420624203979969,0.05023156851530075,0.0199617687612772,3.9761414527893066,nan,nan,nan,1.0
3600.0,0.004214218817651272,4.6514844143530354e-05,0.005067726597189903,0.0402507409453392,0.05028173699975014,0.023099707439541817,5.89642858505249,nan,nan,nan,1.0
3700.0,0.002676012460142374,4.3850548536283895e-05,0.003107853466644883,0.03188616409897804,0.04669266194105148,0.018458757549524307,12.203542709350586,nan,nan,nan,1.0
3800.0,0.003874510060995817,4.1416020394535735e-05,0.004653355572372675,0.03872651234269142,0.04816358536481857,0.021601477637887,3.84035325050354,nan,nan,nan,1.0
3900.0,0.002510328544303775,3.882137389155105e-05,0.002977787284180522,0.03567694127559662,0.01595756597816944,0.050295908004045486,2.0040035247802734,nan,nan,nan,1.0
4000.0,0.023618444800376892,0.00011642013123491779,0.026783905923366547,0.12898175418376923,0.10592462867498398,0.13905906677246094,8.056647300720215,nan,nan,nan,1.0
4100.0,0.0005592149100266397,3.6755714972969145e-05,0.00043656345224007964,0.018945075571537018,0.02938089892268181,0.0144982123747468,3.1509125232696533,nan,nan,nan,1.0
4200.0,0.001140715554356575,3.259431105107069e-05,0.0012163718929514289,0.02100268565118313,0.03527064993977547,0.02056962437927723,5.635653495788574,nan,nan,nan,1.0
4300.0,0.0012886420590803027,3.0305109248729423e-05,0.0014255708083510399,0.02319190464913845,0.025336915627121925,0.029424941167235374,5.136213779449463,nan,nan,nan,1.0
4400.0,0.000968319596722722,2.8438924346119165e-05,0.0010277440305799246,0.020266519859433174,0.02460377663373947,0.024801960214972496,5.418622016906738,nan,nan,nan,1.0
4500.0,0.0010758235584944487,2.6629684725776315e-05,0.0011765171075239778,0.021302826702594757,0.026352951303124428,0.024780191481113434,4.788145065307617,nan,nan,nan,1.0
4600.0,0.0011283777421340346,2.4936500267358497e-05,0.0012538786977529526,0.02176758460700512,0.02994736097753048,0.023921461775898933,4.397236347198486,nan,nan,nan,1.0
4700.0,0.001128078205510974,2.333101292606443e-05,0.0012649759883061051,0.02194303087890148,0.02374100312590599,0.02709919959306717,4.148225784301758,nan,nan,nan,1.0
4800.0,0.0013789759250357747,2.1809824829688296e-05,0.001597721828147769,0.024295318871736526,0.015669241547584534,0.03370961919426918,3.3534061908721924,nan,nan,nan,1.0
4900.0,0.002162936609238386,2.0164294255664572e-05,0.0026120957918465137,0.030356839299201965,0.014192902483046055,0.04310878738760948,1.6858099699020386,nan,nan,nan,1.0
5000.0,0.0013782365713268518,1.8573693523649126e-05,0.00161731184925884,0.024484943598508835,0.012106718495488167,0.03460486978292465,2.84709095954895,nan,nan,nan,1.0
